rewards,loss
-4.986876022070646,1.5784550905227661
-5.693751055747271,2.1347641944885254
13.993749249726534,6.591763496398926
29.571561669930816,8.551151275634766
15.379373650997877,9.942831039428711
-4.418750878423452,2.027529239654541
-6.057501131668687,2.1112401485443115
64.98937190882862,9.740338325500488
-1.7731264811009169,3.390235662460327
26.887187076732516,6.194267749786377
9.573747996240854,4.741617679595947
-6.050001014024019,1.7372674942016602
6.201247988268733,3.504589557647705
-4.184375969693065,1.9410581588745117
31.833434416912496,4.650629997253418
75.35749710351229,7.243031024932861
39.7678113412112,17.497957229614258
0.8331241626292467,3.861112356185913
-4.641876032575965,1.3973069190979004
10.738748598843813,10.5492525100708
10.537499192170799,3.598661422729492
9.50937357917428,5.3060150146484375
5.46812304481864,3.074744462966919
-5.011250946670771,1.3657721281051636
13.865623123943806,2.998018503189087
-4.638125849887729,1.683440089225769
0.002499181777238846,3.652501344680786
46.137497790157795,13.44852352142334
15.396248888224363,5.810933589935303
18.579374711960554,6.454317092895508
4.923749279230833,6.531477928161621
0.04249848052859306,2.5066277980804443
4.903748111799359,3.273367404937744
-4.868751037865877,2.162428855895996
-5.2737508825957775,1.1431485414505005
51.266247130930424,6.20619535446167
36.06405956670642,10.745417594909668
15.088123612105846,4.2949724197387695
10.266873836517334,5.287876129150391
20.06312339939177,5.500833988189697
5.3849988132715225,3.468980550765991
-4.555625848472118,2.459348678588867
-0.041876159608364105,4.409265518188477
-4.280000869184732,1.643039584159851
15.031248141080141,3.4224483966827393
-5.746250865980983,1.8664679527282715
29.451872964389622,10.046915054321289
-0.47062601894140244,3.610966920852661
0.37124862894415855,3.813277006149292
-5.084376024082303,1.7250577211380005
25.264997076243162,10.009737968444824
4.491873402148485,6.625434875488281
0.1718742810189724,3.851574182510376
-4.960625942796469,2.278142213821411
-4.767500936985016,1.5514827966690063
5.902499639429152,3.281186819076538
4.445623705163598,6.279945373535156
-4.255625959485769,1.9370018243789673
35.963122714310884,5.3437886238098145
15.078123385086656,4.782620429992676
5.14937349408865,6.501047611236572
-5.127500921487808,1.7962766885757446
-5.954375883564353,1.8070333003997803
-5.433125972747803,2.3847036361694336
-5.105000967159867,1.4382442235946655
-4.02875092625618,2.2893972396850586
14.995623238384724,6.66179895401001
-3.8337508887052536,1.4271068572998047
-4.97562600672245,1.8864479064941406
-4.180625889450312,1.8172389268875122
-0.2637510225176811,3.405158042907715
15.841248417273164,4.216093063354492
24.994372598826885,9.302948951721191
20.179373111575842,6.261747360229492
9.03749831020832,2.8852427005767822
-4.613750949501991,1.431624412536621
10.844373537227511,5.019266128540039
-0.6062511280179024,1.6295117139816284
9.576561000198126,10.079687118530273
4.253748344257474,2.304987668991089
-0.4984383638948202,3.2083840370178223
-4.6325007155537605,2.0607962608337402
24.53374836873263,8.460760116577148
9.01281119696796,6.040954113006592
5.201873105019331,4.716069221496582
-5.56250087171793,2.6320793628692627
-4.956876000389457,1.01436185836792
21.095623452216387,5.246435165405273
-5.213750839233398,2.4265506267547607
40.389998925849795,12.145952224731445
-5.221250932663679,2.213980197906494
-4.9625010918825865,1.8399403095245361
-3.882500747218728,2.149426221847534
14.666248941794038,2.693363904953003
-3.980000864714384,1.6219245195388794
-5.23812591470778,1.6747760772705078
-5.556875865906477,1.3161249160766602
-5.609375886619091,2.173604965209961
-5.393750876188278,1.3262641429901123
-5.303750962950289,1.7726516723632812
-5.701251033693552,2.1582133769989014
0.317499240860343,3.980565309524536
10.093124724924564,5.227684497833252
6.034685764461756,5.885744571685791
0.25499909557402134,3.6679489612579346
-4.981250943616033,1.1811316013336182
0.2987491302192211,3.6426076889038086
5.61406110227108,6.4287495613098145
-4.943751018494368,1.6569185256958008
0.961249552667141,4.4376540184021
-4.238750925287604,1.725101113319397
-5.251250941306353,1.7482614517211914
-0.4825007487088442,3.2482848167419434
31.671247772872448,6.595529556274414
10.466248853132129,7.651070594787598
-1.0362512050196528,3.4824113845825195
5.514998322352767,3.7274341583251953
25.42187289148569,11.33121109008789
33.92187302745879,9.390362739562988
19.989997508004308,6.9997453689575195
10.282498650252819,3.2326722145080566
4.724999126046896,6.2856292724609375
11.036873321980238,7.824991226196289
-5.226875904947519,1.4051162004470825
19.574373485520482,6.72211217880249
-5.120000975206494,1.2283421754837036
-4.323126034811139,1.3663078546524048
12.13437333330512,6.0005388259887695
0.6049990616738796,3.6768925189971924
8.819998214021325,7.445110321044922
18.832811975851655,12.3123140335083
-4.557501100003719,1.2026969194412231
28.878123309463263,10.831418991088867
-5.405000925064087,2.451448440551758
10.023748632520437,8.921178817749023
-5.616876011714339,1.5775117874145508
-4.750625871121883,2.7807071208953857
5.059999093413353,6.000781059265137
-5.103125965222716,1.427951455116272
14.763748394325376,4.464197635650635
30.381872948259115,6.133915424346924
-5.4968759678304195,2.704209804534912
57.41374900564551,9.695621490478516
4.926249083131552,6.730003833770752
-0.10937603376805782,3.7864105701446533
-5.6862509697675705,1.5856125354766846
-5.046875851228833,1.7488393783569336
25.344997726380825,6.812778472900391
66.49499842524529,12.04126262664795
-5.2287509348243475,1.1719797849655151
33.89312460832298,12.625062942504883
-4.628751007840037,1.4824626445770264
45.26249851286411,7.365528583526611
-5.045000899583101,1.234875202178955
14.664998663589358,10.453387260437012
4.399999421089888,3.719512939453125
4.6496860245242715,6.442593097686768
-6.083750920370221,1.7331959009170532
-0.40812546759843826,3.7346556186676025
14.724998833611608,6.785418510437012
-5.17437600903213,2.0433449745178223
-4.68875084258616,1.6738462448120117
4.407498709857464,3.9687037467956543
9.373435769230127,5.7533345222473145
-4.679375866428018,2.4399235248565674
30.23249851167202,5.261786937713623
11.042498733848333,5.4195051193237305
-5.296251013875008,0.6503429412841797
0.3074990324676037,2.2118754386901855
21.82374877296388,7.7987141609191895
14.934999151155353,5.246464252471924
-5.185625787824392,2.915476083755493
36.14437333121896,8.927303314208984
-4.910000912845135,1.0252890586853027
0.3799987845122814,3.974801540374756
14.584998669102788,2.984797954559326
9.548123594373465,4.095240116119385
-1.2081260401755571,2.836918354034424
0.420311514288187,4.108811378479004
5.539374014362693,6.758446216583252
0.575310967862606,3.6647422313690186
25.664684979245067,9.777563095092773
10.20749832317233,9.50131607055664
10.123748796060681,5.602325916290283
48.14062204584479,9.637557029724121
4.681873483583331,2.987828016281128
75.3553091082722,11.912215232849121
29.982498369179666,15.703640937805176
5.991248922422528,6.666698932647705
-4.722500858828425,1.9322035312652588
69.33656129427254,9.573213577270508
-4.430000927299261,2.281344175338745
97.13811908848584,15.120944023132324
-0.7412507869303226,3.976142644882202
-4.233125987462699,4.119758129119873
-4.893125895410776,2.352853298187256
-6.012501059100032,2.3088841438293457
5.435624161735177,6.990717887878418
-0.7575013116002083,3.7746028900146484
16.800935830920935,4.342101573944092
0.08937443234026432,0.9827324748039246
40.842186810448766,8.27507495880127
-5.0918758902698755,1.2813462018966675
34.88280984200537,12.813275337219238
0.042498933151364326,3.7278621196746826
3.8081239201128483,7.153392314910889
4.616873184219003,3.3754405975341797
10.163124391809106,2.7374532222747803
-4.827500984072685,1.8874768018722534
-4.086875941604376,1.8986657857894897
30.174997102469206,6.1419196128845215
-5.000000812113285,1.4365575313568115
-4.403750857338309,1.2260841131210327
4.976561281830072,2.5347633361816406
5.998748488724232,6.815802574157715
0.01624942384660244,3.8220913410186768
4.909685922786593,6.704482078552246
34.92374828085303,12.191718101501465
0.6512493770569563,3.9267406463623047
-4.992500867694616,2.235313653945923
14.650623086839914,8.082656860351562
11.606248252093792,7.873979568481445
15.0624985024333,5.830426216125488
21.594998275861144,4.773471832275391
-4.970001053065062,1.9421976804733276
-0.11312572658061981,1.3792123794555664
5.119998613372445,4.1806440353393555
-4.756250880658627,2.043397903442383
-5.112500881776214,1.335091471672058
32.04749844968319,8.739012718200684
-4.711250942200422,1.422244668006897
-5.088125915266573,1.893876552581787
35.721873097121716,8.155059814453125
-4.8875009678304195,2.1789283752441406
-5.493125814944506,3.064526081085205
29.701873691752553,5.836533069610596
6.059999501332641,3.443493366241455
10.478123666718602,9.98694896697998
-4.656875796616077,1.6859309673309326
0.05874895490705967,3.6250360012054443
-5.3712508250027895,1.8278369903564453
9.614998821169138,4.720308780670166
-5.438750868663192,2.1212410926818848
19.069687470793724,5.746039390563965
-0.1881261896342039,3.6540610790252686
50.45625037513673,15.348411560058594
48.7606225926429,9.122345924377441
21.29499881155789,5.017137050628662
10.724999077618122,7.930544853210449
-4.9887508898973465,0.9341205358505249
20.934373680502176,6.446180820465088
5.649998892098665,4.3072309494018555
4.456873262301087,3.6928417682647705
-5.405000863596797,2.8896255493164062
-5.283126017078757,2.967651128768921
5.738749535754323,5.992594242095947
0.28624867647886276,2.5232419967651367
-4.551875909790397,1.6792469024658203
10.67874813079834,7.624194622039795
-5.776250991970301,1.9138773679733276
11.514374703168869,6.829201698303223
35.697185188531876,14.303544044494629
5.731561468914151,7.422194957733154
10.391873823478818,7.9777326583862305
-4.741250894963741,3.088761329650879
29.248747877776623,10.372578620910645
-4.381250903010368,3.9246134757995605
-5.558751029893756,1.6942576169967651
0.7299986332654953,4.536714553833008
15.501874283887446,6.461997032165527
-5.009375965222716,2.4432220458984375
90.19499575160444,15.380489349365234
0.4456238280981779,3.5724618434906006
0.6231237165629864,3.8485260009765625
-4.80875095911324,2.5722877979278564
-4.193750765174627,1.4133018255233765
14.77999822050333,5.21907377243042
39.75562194548547,7.97422981262207
5.441248526796699,7.378332614898682
-0.5668760612607002,1.434805154800415
-5.166875965893269,1.6195759773254395
4.629998937249184,4.7573137283325195
9.293124312534928,11.212801933288574
-6.102500792592764,3.235969305038452
9.03499897941947,4.671504497528076
-4.467500606551766,3.116978168487549
-6.299375679343939,2.887967586517334
9.383123755455017,4.606809616088867
-4.700000807642937,2.8994507789611816
19.282499331980944,4.667473316192627
-5.073125826194882,2.1024625301361084
4.578436147421598,7.212963104248047
-5.705000893212855,2.2187399864196777
4.940623197704554,4.963083267211914
19.62499950453639,10.1736478805542
0.08749864064157009,5.059479713439941
4.455311644822359,5.987878799438477
10.635624354705215,5.326639175415039
-4.793750908225775,2.9144287109375
-5.217501038685441,1.5399606227874756
0.16374910809099674,5.226155757904053
43.60999705269933,6.86359977722168
-0.874376343563199,4.119413375854492
10.759061634540558,4.647078514099121
0.19312370009720325,4.652677536010742
-0.5112510807812214,3.6668663024902344
23.481249399483204,5.375886917114258
-4.306250752881169,1.254866123199463
-5.930001098662615,0.9322268962860107
0.06499896757304668,0.8461930751800537
-5.508125964552164,2.08166766166687
39.50437303632498,6.712855815887451
-5.7725009974092245,1.6096868515014648
26.675933934748173,5.3867363929748535
21.261248964816332,4.73146915435791
-4.126250773668289,3.2801575660705566
-5.343125816434622,2.17035174369812
-5.44625087082386,2.036532402038574
10.223123714327812,3.7817184925079346
-4.985000925138593,1.7978190183639526
19.691873470321298,5.472841739654541
0.010623855516314507,3.2863144874572754
-0.5287505015730858,4.078770637512207
-5.423751121386886,1.9642322063446045
-5.481875807978213,1.6589508056640625
0.3962492495775223,3.324302911758423
-5.461250990629196,1.3077653646469116
24.841873705387115,6.244548320770264
-4.958751002326608,2.0782902240753174
-5.3318758979439735,1.4732894897460938
5.483749270439148,3.458259344100952
-5.236251056194305,1.6902360916137695
29.269998371601105,9.828777313232422
40.1718720709905,6.085111141204834
-4.647500915452838,2.115839719772339
-0.7918760925531387,3.1104536056518555
-0.4393759202212095,3.6373207569122314
29.6787474360317,9.464897155761719
27.70187354646623,5.1285881996154785
0.19812364876270294,3.406290054321289
-3.9931256473064423,1.466702938079834
20.588748786598444,9.193161010742188
4.43374883569777,6.144351482391357
19.93562344275415,8.84765911102295
-0.24625104013830423,3.605276584625244
-5.090000964701176,0.7077136635780334
-5.088125988841057,3.217456817626953
30.296560420654714,5.827126979827881
-4.246251005679369,1.2911313772201538
15.410624507814646,7.3036789894104
19.226248025894165,14.141524314880371
-5.1143758893013,1.0386836528778076
-4.715000858530402,2.2908713817596436
20.053122533485293,6.306554794311523
-4.29875080101192,1.6643122434616089
-5.6018760204315186,2.9842095375061035
14.738748418167233,11.620253562927246
5.199373830109835,3.564523220062256
-0.623125771060586,0.8764093518257141
4.729998974129558,4.859449863433838
5.2987488694489,6.922110557556152
35.174998581409454,7.473641395568848
5.263748623430729,1.8465244770050049
25.446247573941946,10.471593856811523
-4.743125908076763,1.3028886318206787
-4.295000795274973,1.1672841310501099
-4.122500857338309,4.671114921569824
5.463749071583152,4.091161251068115
24.999060910195112,7.020994663238525
-0.0325010959059,3.8577442169189453
25.074998434633017,6.788963794708252
-0.07375105656683445,4.5042948722839355
-4.701875941827893,2.004056215286255
0.846561735495925,1.8016338348388672
0.4331239014863968,3.73017954826355
19.036873281002045,6.238923072814941
-3.4250009078532457,2.899352788925171
-5.21750083938241,1.787789225578308
20.228748809546232,4.882960319519043
5.2468740455806255,4.167856216430664
-0.21125097200274467,2.737212896347046
0.2631235998123884,3.597069263458252
-5.508126061409712,1.7274446487426758
-5.285001065582037,1.2818856239318848
14.476249068975449,10.568670272827148
-4.304375763982534,2.369978189468384
-5.300000730901957,1.7323449850082397
13.832186345010996,5.03162145614624
3.3046867102384567,4.971588611602783
9.99781041778624,8.656434059143066
35.478122282773256,7.964924335479736
14.976248737424612,10.176800727844238
-5.433125818148255,2.182400941848755
-6.239375883713365,3.8355045318603516
0.8068736419081688,4.172371864318848
39.15062381327152,8.253551483154297
-3.9800008423626423,1.5721919536590576
-5.202500818297267,1.6893267631530762
44.408122804015875,10.799506187438965
55.06999902613461,19.625415802001953
1.0031238496303558,4.940480709075928
19.540623903274536,9.322303771972656
-4.996250879019499,1.7676135301589966
5.3331238478422165,6.784726142883301
33.787497632205486,10.31592082977295
-4.173125982284546,1.9764044284820557
4.9687497559934855,4.061227798461914
0.4443740099668503,4.200724124908447
15.991248490288854,5.959053993225098
-4.542500890791416,2.591280937194824
0.07624887675046921,4.0248026847839355
0.5431237015873194,4.063285827636719
20.365623025223613,5.178893089294434
-5.133125988766551,2.7641613483428955
-4.9250010214746,2.057770013809204
-5.480000955983996,2.140085220336914
-5.25312608666718,1.606306791305542
25.126248279586434,12.510712623596191
0.37249916419386864,4.713227272033691
4.2118738908320665,2.587886333465576
25.34874812886119,10.468084335327148
4.497498989105225,3.1024937629699707
-4.925000952556729,2.099682331085205
36.074060851708055,6.339381694793701
34.494686564430594,13.828104019165039
-5.697501000016928,1.7258247137069702
0.3843741603195667,2.139195203781128
-4.175000891089439,1.381941318511963
0.8374990522861481,3.9137794971466064
4.677498895674944,6.214637279510498
24.4443732611835,4.322907447814941
-0.1668761558830738,3.8102786540985107
39.90874915756285,6.963641166687012
10.077498471364379,10.517544746398926
5.602498892694712,5.442662715911865
70.35374791920185,12.328143119812012
14.836873561143875,4.152857780456543
1.3437485098838806,3.714754343032837
-5.000000948086381,1.9830749034881592
45.09312296658754,14.38082218170166
15.415623353794217,8.499093055725098
-4.829376067966223,0.9875495433807373
-1.0237509608268738,8.942384719848633
49.231873132288456,12.851943016052246
10.103123255074024,5.483613967895508
23.727497596293688,12.927800178527832
-4.497500814497471,2.4517807960510254
5.6187495570629835,8.64060115814209
0.5212489534169436,4.803743839263916
40.82499925047159,7.915522575378418
0.525623632594943,4.432078838348389
-5.181875862181187,1.3848340511322021
-5.078750936314464,1.4781285524368286
4.941560824401677,3.352750062942505
-6.098750942386687,2.026782512664795
10.570311238989234,4.8385329246521
35.746874490752816,4.1620564460754395
16.074998455122113,6.1605939865112305
22.11624874547124,5.624348163604736
-4.93812607973814,1.7114274501800537
-4.990625835955143,2.3475961685180664
32.69749837554991,7.188335418701172
-5.586876044049859,2.1940720081329346
-5.058126008138061,1.6485741138458252
-5.046875985339284,2.1794798374176025
10.48187374509871,6.8552632331848145
-5.258751027286053,1.4157973527908325
16.20093498378992,5.419272422790527
30.748749431222677,12.259477615356445
0.19062400609254837,5.2011799812316895
-0.863126153126359,4.0013532638549805
-5.86812586709857,1.4033393859863281
34.53312435746193,5.049192905426025
10.257498446851969,8.490182876586914
30.305309880524874,6.04151725769043
28.942498749122024,10.63493537902832
0.5424982737749815,4.142181873321533
15.068747647106647,7.463906288146973
25.138747960329056,10.596539497375488
-5.896250917576253,2.751302480697632
-4.113125890493393,1.5998390913009644
-0.30687612667679787,7.292242050170898
24.628748163580894,7.766657829284668
5.431873356923461,4.925026893615723
11.094373643398285,6.48341178894043
-4.310000823810697,2.0865352153778076
-5.095625908114016,1.4918073415756226
9.234998220577836,2.6115787029266357
-5.129376009106636,2.238936424255371
-0.14250114932656288,3.4220197200775146
-5.273750936612487,1.7997323274612427
14.319998499006033,2.886284351348877
5.135936088860035,3.4981956481933594
15.154060595668852,4.603665351867676
0.9162491913884878,4.228100299835205
44.34968514740467,8.802616119384766
-5.693751072511077,1.681360125541687
-5.322500883601606,1.9917415380477905
11.254998471587896,7.111124038696289
-0.1806260459125042,4.115939617156982
35.36249768920243,6.927523136138916
0.6249987836927176,4.220224857330322
5.549998790025711,6.741061210632324
-5.663751047104597,2.2602555751800537
-5.262500897049904,2.1994028091430664
-4.970000933855772,1.6740258932113647
9.864373747259378,9.063848495483398
-4.958750996738672,2.3339927196502686
-5.9037509225308895,2.47902774810791
-4.6962508000433445,1.6214383840560913
-4.771250866353512,1.5644323825836182
10.329999025911093,9.235361099243164
14.764998558908701,10.836409568786621
5.562498576939106,3.936239242553711
30.694372672587633,5.595028400421143
5.482498846948147,6.879750728607178
25.15343558602035,5.7116851806640625
30.479060877114534,5.171355724334717
5.105310762301087,2.2750906944274902
-4.81812590919435,1.1042218208312988
-0.35187616385519505,4.417317867279053
-5.06187579408288,1.8898417949676514
44.262497667223215,5.863958835601807
-5.45750093832612,1.6688098907470703
-5.436875903047621,1.952752709388733
0.9112485870718956,3.9780807495117188
28.05687273107469,12.633042335510254
-5.5418757274746895,2.0094733238220215
4.271873479709029,6.143835067749023
15.574998166412115,8.41325569152832
-5.3150009997189045,2.1940674781799316
-4.88187588006258,2.0595834255218506
-4.321250844746828,2.224388360977173
-5.172500945627689,2.539799690246582
3.32374881580472,3.059835195541382
11.855936486274004,7.562697410583496
0.8931234665215015,3.5477917194366455
20.688748735934496,10.970672607421875
19.886874612420797,5.508261203765869
14.975624468177557,4.218389511108398
-4.745000790804625,1.5248405933380127
35.20249851793051,6.888632774353027
19.555623453110456,6.700263977050781
-0.01562628336250782,3.9645400047302246
-4.805000897496939,3.208974599838257
-4.818125933408737,1.045313835144043
10.971248246729374,8.568154335021973
69.76062076725066,12.202930450439453
0.37624896690249443,4.05942440032959
-5.710625940933824,1.3557252883911133
14.830311873927712,8.95826244354248
-4.490000661462545,1.1579498052597046
26.114372968673706,6.065495491027832
-4.746875988319516,2.7575879096984863
-0.4206265630200505,4.3302741050720215
0.7549990825355053,2.919861078262329
5.197498824447393,7.3152313232421875
9.985311714932323,6.3091654777526855
-5.21187599375844,1.227131962776184
-0.17531323805451393,4.5433197021484375
-4.868750840425491,1.9602320194244385
-4.872500859200954,1.9247969388961792
9.78437445499003,3.2153983116149902
-5.02625098451972,1.133886456489563
71.7368716802448,10.144726753234863
-4.656875737011433,2.9842469692230225
28.919061897322536,7.277864456176758
-4.8762509152293205,1.2201963663101196
-4.452500903978944,1.396653652191162
-4.561250979080796,2.0647244453430176
-5.5362509954720736,1.6254079341888428
-5.658125896006823,1.4242935180664062
-0.04000091925263405,2.053098678588867
-5.781875986605883,2.0230398178100586
34.291247088462114,11.307080268859863
4.100624428130686,2.365206718444824
18.74593518860638,9.10031795501709
-5.0337509755045176,1.4672142267227173
-5.592500736005604,2.1803455352783203
-5.80625101365149,1.3305647373199463
-5.213750895112753,2.1143712997436523
8.362185521051288,3.770189046859741
20.715624442324042,9.465847969055176
0.9353111423552036,3.5348827838897705
10.05562361702323,4.702978134155273
35.60999912582338,9.276333808898926
24.696249667555094,9.23966121673584
5.822498405352235,4.2808146476745605
-4.874375823885202,2.2083306312561035
5.7281238324940205,8.589279174804688
-5.131250999867916,1.574771523475647
0.1743738353252411,6.3469672203063965
-6.500001087784767,1.8093324899673462
5.946874333545566,7.9002509117126465
-5.27000099606812,1.4273788928985596
31.563434530049562,17.658218383789062
14.97812345251441,5.703209400177002
-5.545625865459442,2.7133231163024902
1.0549992425367236,4.413954734802246
-2.1493761651217937,4.7195892333984375
-5.015000801533461,2.550722122192383
18.52812388073653,6.130220890045166
9.842498552054167,4.117432117462158
4.034999195486307,2.888535737991333
-5.108750997111201,1.5836986303329468
-3.5862507857382298,2.2688663005828857
5.5449990183115005,7.682631969451904
5.27999896556139,4.119580268859863
-4.505000993609428,2.1170599460601807
-4.613750863820314,2.152435779571533
-4.407500897534192,1.8995269536972046
0.1774985920637846,3.8136234283447266
15.67999916523695,4.017598628997803
4.764686778187752,6.41087532043457
-4.11312591470778,1.430588960647583
-0.27625105157494545,4.296899795532227
9.789374325424433,7.663170337677002
-4.750625940039754,1.322902798652649
-4.066250756382942,0.8273813128471375
1.0699989963322878,4.239716053009033
-5.157500822097063,0.9066431522369385
0.49437395483255386,3.1430587768554688
30.168748673051596,11.10713005065918
-5.339375967159867,1.5709549188613892
-5.823126010596752,2.872847080230713
25.236247066408396,8.036652565002441
24.569998366758227,13.47964859008789
-6.295625980943441,1.0306990146636963
9.465935433283448,8.16650104522705
15.17437301389873,7.120717525482178
24.866872193291783,14.214727401733398
10.004998840391636,8.416287422180176
14.738124374300241,11.278319358825684
20.021561596542597,5.020881652832031
-0.17875141091644764,3.585617780685425
39.01624808087945,7.640052795410156
20.871248207986355,13.322957992553711
14.858748203143477,7.655063629150391
18.762186931446195,6.74572229385376
9.235311400145292,6.3160600662231445
3.7906244080513716,9.238890647888184
44.588747100904584,12.473067283630371
30.52781179919839,8.990511894226074
5.034373966977,4.779131889343262
5.3418746665120125,6.2409443855285645
-5.948750998824835,1.9821873903274536
-5.90937602892518,6.375368118286133
5.0296867080032825,4.489179611206055
-5.7143759354949,1.9445964097976685
-4.818125881254673,1.8903371095657349
-4.685000870376825,2.8284332752227783
-4.212501034140587,1.7206425666809082
0.44374901056289673,3.66650128364563
-4.711251016706228,1.851701021194458
-0.2575012929737568,1.2540897130966187
-5.069375975057483,2.5018413066864014
0.3418738655745983,4.2434306144714355
20.436873473227024,7.470948219299316
-5.345000999048352,1.6092545986175537
4.575311062857509,5.670975208282471
4.862498765811324,5.91311502456665
4.92562439199537,6.791976451873779
-4.692500879988074,1.9229230880737305
-4.351251112297177,1.061457633972168
15.84749814774841,4.063815593719482
-0.1643755231052637,3.49061918258667
15.383747776970267,6.0354485511779785
-0.37000103667378426,3.5391430854797363
10.437499219551682,6.363411903381348
-4.9568758979439735,0.9833102822303772
9.910936664789915,6.612828731536865
20.607498113065958,8.574186325073242
-1.3700012285262346,4.095687389373779
-5.480000950396061,1.5903449058532715
25.38031101040542,9.395574569702148
-4.9981259275227785,2.6288869380950928
40.6249982714653,7.947938442230225
16.25562396645546,9.427661895751953
-5.534376068040729,2.5638270378112793
20.99656106904149,9.914070129394531
-5.016875974833965,1.8596245050430298
61.71093525271863,12.30133056640625
9.366873636841774,8.002275466918945
-5.615001039579511,0.9188607335090637
-1.0862507950514555,4.0027031898498535
-4.476875897496939,1.6625105142593384
11.23749928548932,9.194005012512207
5.53374888189137,8.373984336853027
-4.812500944361091,1.3520575761795044
-4.881876004859805,2.200838088989258
13.815623674541712,6.1366472244262695
-1.3215634506195784,4.162163257598877
15.550935531035066,6.3630266189575195
0.40374839305877686,5.053010940551758
-4.233125826343894,2.513518810272217
-4.000625863671303,0.9761948585510254
-4.818126002326608,0.7323428392410278
31.188746759667993,8.74326229095459
9.450624261051416,5.610678672790527
-5.735000999644399,2.0006415843963623
-4.516250811517239,2.395979881286621
29.797498827800155,6.059037208557129
9.599999643862247,3.9546682834625244
-5.236250899732113,0.7610514163970947
-4.330625941976905,1.7425956726074219
4.713748822920024,3.8221170902252197
-0.5837511792778969,4.1276535987854
0.3531238026916981,3.892129898071289
9.331873334944248,5.531057834625244
-4.741250824183226,2.150862455368042
-5.690000966191292,0.997611403465271
19.958749305456877,7.456185817718506
-5.386250866577029,1.6762350797653198
-5.243750833906233,1.595556616783142
5.452498974278569,6.395798206329346
-5.74250110052526,1.3884302377700806
4.279060907661915,3.999023914337158
1.0693740583956242,4.227758407592773
40.839373022317886,7.960098743438721
25.685623871162534,5.5921454429626465
4.213748700916767,3.371253728866577
-0.07687628641724586,0.9553242325782776
0.004999246448278427,3.25576114654541
25.622497966513038,9.994982719421387
-6.0912509728223085,1.398057222366333
10.163123302161694,5.3153791427612305
-4.3325008526444435,2.098863363265991
16.444060740992427,5.909451007843018
5.926249062642455,3.4957282543182373
10.032498674467206,5.034090995788574
-0.10187582485377789,3.04840350151062
9.60874928534031,8.471415519714355
-4.6625008303672075,2.4873313903808594
5.241248494014144,4.804512977600098
25.610311137512326,5.017374515533447
4.565624075010419,7.399049758911133
-0.3131255116313696,3.6634361743927
14.793749265372753,4.874415874481201
14.844686252996325,15.730563163757324
-4.550000911578536,1.7368251085281372
-6.2075010146945715,2.014345407485962
0.6649996358901262,4.865869045257568
-5.076875846832991,3.28711199760437
-4.683125989511609,3.0113067626953125
-5.131251003593206,3.152379035949707
-6.490626143291593,2.143960952758789
-5.378750938922167,1.1560417413711548
-5.495000883936882,2.045868158340454
1.4624989703297615,3.581960916519165
40.027497958391905,9.634917259216309
26.43249868042767,6.049257755279541
37.47874765470624,7.618308067321777
79.90374675951898,9.781621932983398
-4.89125095680356,1.6365967988967896
20.217498689889908,9.599108695983887
35.423122845590115,8.499327659606934
5.306248748674989,3.9598002433776855
-4.246250752359629,1.7429169416427612
0.44187377765774727,3.9381582736968994
0.7849988080561161,3.929260730743408
-5.549375988543034,2.252039670944214
-5.50625098310411,1.6733062267303467
0.7699987329542637,4.192159175872803
15.308749137446284,4.151845455169678
0.08562379702925682,3.2463555335998535
16.177498118951917,3.458850145339966
19.55374849960208,6.691388130187988
4.738748921081424,2.9334421157836914
38.63968641497195,10.282811164855957
10.916873309761286,7.623319149017334
24.388123845681548,8.110713958740234
26.000310730189085,8.9929838180542
-5.675000937655568,1.1969369649887085
-0.30625090561807156,4.909266471862793
35.5618747510016,12.462740898132324
30.54718516767025,10.531804084777832
-5.247501043602824,4.138242244720459
-5.007500905543566,2.7558953762054443
14.136248745024204,5.337913513183594
0.6506240367889404,4.219935417175293
9.23406128399074,3.685370922088623
65.1731220446527,16.29814910888672
14.204998515546322,5.39896297454834
-4.233125865459442,1.8853195905685425
39.78249819390476,9.969165802001953
-4.778750866651535,1.3224149942398071
59.749059872701764,8.138635635375977
-1.0412505958229303,3.2279763221740723
10.991872841492295,7.962757587432861
29.88406159169972,11.781533241271973
-5.635625906288624,1.768043041229248
0.5487487073987722,3.4104321002960205
-5.2812509797513485,1.777313232421875
56.395622281357646,10.32867431640625
0.39624885842204094,4.8625264167785645
-0.7693761494010687,6.115721702575684
68.83343457430601,14.920379638671875
26.022499641403556,8.503180503845215
15.109998986124992,5.768289566040039
24.444686230272055,12.29359245300293
-4.902500908821821,2.630693197250366
-1.3581265807151794,1.9827834367752075
-0.08843859191983938,2.7226457595825195
-0.06000046897679567,2.6846675872802734
65.55249831080437,7.044615745544434
5.5231238808482885,2.2124428749084473
5.128124276176095,7.186825752258301
20.28624838590622,9.362979888916016
5.975623810663819,6.6707000732421875
-5.378750876523554,1.0830503702163696
-0.22750132158398628,2.914458990097046
-4.953125845640898,1.517926573753357
5.7099988181144,7.646976470947266
0.13656128197908401,1.8661589622497559
-4.561250867322087,1.0521410703659058
33.9837487116456,10.74675178527832
-4.940000995993614,1.0966774225234985
-6.035000991076231,1.727864146232605
-4.805000685155392,1.7663261890411377
-5.558750968426466,3.981874704360962
1.0553118493407965,4.00453519821167
-4.977500846609473,1.9162991046905518
9.584998182952404,5.200189113616943
19.973748616874218,13.820601463317871
11.126873821020126,8.530112266540527
4.979998400434852,8.136754989624023
-5.9750009179115295,2.5286660194396973
16.58437251113355,4.315370082855225
-5.247500881552696,2.1752734184265137
-4.761875879019499,1.8279080390930176
-4.883751001209021,1.8308496475219727
20.531873058527708,7.647222995758057
35.868747513741255,7.505970001220703
-5.461251001805067,1.4013745784759521
-4.617500985041261,1.772936463356018
-5.123750954866409,1.6366424560546875
-0.41500139236450195,3.8513588905334473
25.73968613706529,5.268337249755859
-3.623750973492861,1.36508047580719
61.89343600720167,11.023490905761719
20.718748098239303,5.713337421417236
-5.191250743344426,1.7392247915267944
-4.565000958740711,1.42326021194458
-5.4631259217858315,2.2879297733306885
-0.8800008837133646,4.035019874572754
-0.04187598265707493,3.941147565841675
5.0468747448176146,7.309821605682373
-5.581250835210085,1.8866386413574219
14.968748223036528,6.69934606552124
-5.127501089125872,2.1844472885131836
19.764998018741608,5.52067232131958
-0.14187604188919067,3.3301193714141846
-4.446875823661685,1.7239656448364258
4.898748688399792,4.3069257736206055
10.048748916015029,5.45717716217041
5.458748547360301,6.22003698348999
-5.170625954866409,1.6706677675247192
0.32874891720712185,4.039953231811523
-6.498125994578004,1.5199320316314697
-0.6371888034045696,4.90510368347168
-4.3362509198486805,1.1414353847503662
9.930936358869076,6.413814544677734
0.6818737480789423,3.4005627632141113
-5.397500894963741,1.342197299003601
-4.551875874400139,1.8927494287490845
-5.525000900030136,2.506141424179077
-5.076875852420926,1.047855019569397
19.60124766267836,7.637456893920898
-0.13375097140669823,4.414838790893555
-5.675000943243504,2.574666738510132
15.059998117387295,5.51494836807251
-5.215625803917646,1.5752291679382324
-5.285000858828425,1.625962495803833
-0.8643754795193672,1.9715219736099243
11.014373561367393,3.1964614391326904
-5.226875737309456,1.1257156133651733
5.623123927041888,7.334845542907715
-5.21187586709857,1.5794771909713745
79.99624824896455,9.929754257202148
-4.820000712759793,1.4389945268630981
29.780624121427536,7.536479473114014
-4.643750928342342,1.5258454084396362
-1.0918764788657427,1.280063271522522
-6.256250981241465,2.2423319816589355
0.2853117361664772,4.146870136260986
-0.38875052332878113,1.560594916343689
40.73187270388007,8.772298812866211
9.531248461455107,4.184329986572266
-5.5250008925795555,1.429974913597107
19.16937298513949,13.773773193359375
-5.345000841654837,1.8955063819885254
15.581560473889112,4.994758129119873
4.950623415410519,6.0059099197387695
29.353123024106026,8.027823448181152
-5.138750817626715,2.058878183364868
-0.07187621854245663,3.58833384513855
-5.245625853538513,1.14622163772583
-0.298751100897789,3.683591842651367
-5.296250963583589,1.1315007209777832
-4.557500774040818,2.2774972915649414
-5.436875956133008,1.8419041633605957
0.34249864518642426,4.891797065734863
-4.461875865235925,1.1056503057479858
9.949373286217451,4.0176520347595215
-4.495625846087933,1.8548437356948853
0.8937487062066793,4.66593599319458
4.996874116361141,3.3944408893585205
24.617498878389597,7.671706676483154
-5.313125995919108,1.6636549234390259
24.532810285687447,8.0052490234375
9.083435263484716,7.718245029449463
10.586249094456434,5.069161891937256
54.75905914977193,12.126483917236328
14.973749332129955,3.459036350250244
-4.591250769793987,1.3192027807235718
0.15874922275543213,4.438648700714111
4.421873535960913,4.772694110870361
19.881248254328966,9.200277328491211
35.049374617636204,6.934398174285889
-4.463750936090946,1.915848970413208
-5.082501025870442,1.679476022720337
-5.5718760043382645,1.4265010356903076
-4.904375920072198,3.4626522064208984
44.77312281355262,17.256093978881836
5.291248179972172,7.716542720794678
-0.4487508125603199,4.704740524291992
19.57437491044402,5.936246395111084
-4.7037509977817535,1.3113389015197754
-4.98687588237226,2.081638813018799
5.115623775869608,6.16304349899292
-5.363751111552119,2.4519221782684326
4.844998246058822,5.667351722717285
15.226874170824885,6.371150493621826
10.53249903768301,12.099336624145508
31.318434787914157,12.91305923461914
-5.523126095533371,1.5624855756759644
-3.8262507654726505,2.3626320362091064
9.312499016523361,9.30129337310791
-6.012501047924161,1.6672827005386353
0.042499080300331116,4.806526184082031
25.289373269304633,6.646030902862549
26.63687238562852,11.646486282348633
19.23374949581921,8.514638900756836
4.218123769387603,2.9384498596191406
-4.240625998005271,2.243342399597168
-5.264375854283571,1.0085875988006592
39.337186969816685,17.15444564819336
36.16999765112996,9.062043190002441
-4.051250893622637,2.4062764644622803
19.924684777855873,9.210980415344238
-5.3806260246783495,2.282860279083252
5.824060596525669,5.060425281524658
40.331249395385385,13.000594139099121
5.303748907521367,5.440302848815918
5.594685547053814,7.210900783538818
28.978747993707657,8.559114456176758
-6.1793759651482105,2.069333553314209
25.81687270104885,9.083467483520508
14.328749490901828,9.854878425598145
4.887498594820499,6.206104755401611
-5.401250809431076,2.122789144515991
60.10374826006591,13.440975189208984
10.014373785816133,9.05844783782959
14.753747843205929,5.501065731048584
-4.690625914372504,2.6149559020996094
-4.775000926107168,1.393843412399292
24.598747115582228,12.203678131103516
-4.947500839829445,1.2031383514404297
-5.24000103585422,3.0983500480651855
-5.30000095628202,1.7144076824188232
3.924998424947262,5.139032363891602
170.92499641515315,21.934640884399414
0.3524985946714878,4.153162956237793
5.268749034032226,6.354957103729248
10.193748999387026,7.527414798736572
49.35749688372016,16.223562240600586
24.32749703153968,8.18382453918457
33.629059937782586,16.99557113647461
-4.2987508699297905,3.9545159339904785
15.748123049736023,5.535346508026123
-0.7112508565187454,3.2503762245178223
-4.486250767484307,0.9705810546875
-5.412500998005271,2.649547815322876
25.9153119828552,13.78708553314209
-5.315000917762518,2.0976784229278564
5.769373355433345,10.474226951599121
-4.741250926628709,3.578526258468628
-5.36562605202198,2.791640520095825
35.431247152388096,8.797109603881836
11.4331229981035,6.96506404876709
-5.140625948086381,1.6611069440841675
4.58624923415482,4.0941877365112305
-4.248125799000263,1.7492914199829102
14.495310904458165,12.849483489990234
25.032186094671488,7.158018112182617
20.16874841414392,11.095015525817871
4.454998638480902,3.6032307147979736
26.689059836789966,7.129028797149658
40.1453099809587,10.211557388305664
-4.238750968128443,1.6549445390701294
4.65187469124794,8.198076248168945
4.492499077692628,4.594188690185547
19.893434522673488,10.967789649963379
-5.217500861734152,3.2219505310058594
26.235622150823474,7.5974602699279785
4.794998489320278,2.1658082008361816
0.3162488490343094,5.244356155395508
-5.1162509471178055,1.312700629234314
-4.5725008379668,2.5085554122924805
-4.051250837743282,1.2359919548034668
39.51999780908227,10.626214981079102
-4.977501017972827,3.979191541671753
8.838123727589846,5.39715576171875
39.13218464702368,7.884928226470947
-0.7512511108070612,1.487584114074707
77.88312339782715,12.185415267944336
1.236874084919691,4.150773048400879
-5.645001094788313,1.847288966178894
5.16218570061028,3.40891695022583
24.6906245816499,11.12000846862793
-0.5950010679662228,4.601309299468994
35.568123841658235,12.958867073059082
40.009999580681324,10.36272144317627
21.190935915336013,6.777644157409668
-4.801250908523798,1.363476037979126
-0.25750119239091873,4.9979071617126465
5.534998474642634,8.679027557373047
-5.558750990778208,5.863342761993408
-4.919375905767083,4.245644569396973
-5.335625963285565,1.4527397155761719
-4.233125876635313,3.646038770675659
-4.690625926479697,1.4977718591690063
90.7028070371598,10.795144081115723
11.1003103479743,6.71696138381958
10.471873817965388,6.539463043212891
-4.808750845491886,2.9141287803649902
10.006248112767935,5.131228923797607
75.19249806366861,20.79954719543457
29.81749790161848,10.275896072387695
5.819061022251844,6.5521626472473145
-0.28000083193182945,3.3924362659454346
-0.10937604308128357,3.59525728225708
6.069373939186335,4.417412757873535
15.182498279958963,6.643731594085693
14.566248033195734,12.083669662475586
-0.41875110380351543,2.3950583934783936
20.149999041110277,10.44697380065918
9.362498393282294,4.161725044250488
-5.39000101108104,1.252339243888855
54.114683678373694,12.949514389038086
25.264997081831098,8.198439598083496
14.187809923663735,9.42311954498291
-4.460001083090901,2.3024957180023193
-4.340000756084919,0.9360905289649963
-0.3100008200854063,4.158209323883057
59.26968493126333,11.371148109436035
14.713747778907418,12.08279037475586
89.86812173947692,17.206966400146484
16.081249115988612,15.809240341186523
-4.776875866577029,7.547181606292725
-3.848750782199204,2.8546361923217773
83.56811944022775,21.00127410888672
10.776249196380377,6.66478157043457
29.1749973539263,10.767337799072266
-4.893125848844647,1.4736846685409546
13.69187468662858,14.409250259399414
-5.785625882446766,2.1080524921417236
-5.466875947080553,6.114266395568848
10.153748773038387,10.606832504272461
15.48124834150076,8.98092269897461
24.904999496415257,9.503661155700684
0.3165615126490593,3.495405435562134
44.87499925494194,11.061227798461914
53.670623479411006,8.768478393554688
10.081249102950096,3.698998212814331
14.431248784065247,7.732460021972656
6.083123618736863,3.9223740100860596
39.22437272965908,11.617064476013184
4.098748814314604,2.2705042362213135
-4.471250841394067,2.2146108150482178
-4.461875950917602,2.3971245288848877
-3.6331259347498417,2.1580896377563477
24.30249852873385,9.892874717712402
26.62843536026776,5.626702785491943
-5.288750784471631,2.1826584339141846
20.552812110632658,4.322536468505859
-5.753751048818231,2.3469455242156982
-4.4281259290874,1.901752233505249
8.443123571574688,9.227673530578613
20.988124415278435,8.886175155639648
93.65468336828053,13.243206024169922
-4.771250665187836,1.451166033744812
-5.3000009348616,1.500575065612793
4.885311629623175,4.290529727935791
6.123123127967119,5.080584526062012
-5.225000858306885,1.4845455884933472
29.69124799966812,10.308557510375977
-5.326251046732068,2.552128314971924
16.34718556702137,10.945724487304688
30.043124303221703,15.235566139221191
-5.307501096278429,3.440997362136841
-5.054375916719437,1.7675824165344238
0.1074986681342125,3.5358855724334717
10.108748834580183,6.107340335845947
19.924998046830297,11.931586265563965
4.145623549818993,3.108520269393921
19.53062416240573,9.567739486694336
56.28280942328274,6.063651084899902
15.85187410749495,7.516037940979004
4.964998302981257,3.820099115371704
5.414998335763812,5.636361122131348
-5.007500931620598,1.9438753128051758
-5.328125984407961,3.016385078430176
23.868746753782034,13.02042293548584
-4.583750991150737,2.468092679977417
34.97968528326601,5.208747386932373
-4.685001028701663,2.5166149139404297
15.834373099729419,7.362179279327393
0.9974989369511604,6.517763137817383
20.12499888986349,5.414707660675049
-4.906251031905413,1.7235838174819946
25.593747906386852,9.91650104522705
10.429060308262706,5.6846208572387695
15.641247879713774,5.093777656555176
-4.491875972598791,1.0652235746383667
0.05249876528978348,3.8624215126037598
10.959373516961932,5.975330829620361
-5.052501058205962,1.8117942810058594
4.942498844116926,7.469424724578857
-4.850000889971852,1.0703078508377075
42.94218439795077,8.963798522949219
15.085623817518353,8.184539794921875
25.184998953714967,10.503841400146484
25.89437261596322,8.733479499816895
-4.613750841468573,1.952033519744873
-4.921250976622105,1.9235143661499023
-4.69062577933073,1.901827096939087
51.52593436837196,11.712645530700684
-4.810626031830907,1.5596463680267334
-4.936250999569893,1.2693192958831787
96.50249826163054,15.79932689666748
5.229998687282205,3.3311901092529297
-5.412501063197851,2.142637252807617
-5.446250865235925,1.5633422136306763
-5.757500879466534,3.398087501525879
-5.2493759505450726,2.9438116550445557
4.925623510032892,4.353233814239502
20.43374835513532,11.461348533630371
-5.043125938624144,1.0960032939910889
-4.741250842809677,0.7029896378517151
-4.568750981241465,1.89704430103302
-4.692501036450267,2.566439628601074
-4.42437581345439,1.289996862411499
-0.7356266770511866,4.031195640563965
11.301249517127872,8.468420028686523
-5.9262511525303125,0.8602211475372314
45.83062231168151,7.0465569496154785
4.357498839497566,3.7002768516540527
50.1687482111156,6.103557586669922
-5.4350010100752115,0.8715841770172119
6.241873476654291,7.301013469696045
-4.970000967383385,1.1677467823028564
-0.41812562197446823,3.591038942337036
31.59999835677445,9.401071548461914
-5.225000824779272,1.0729230642318726
5.979998994618654,4.246382713317871
20.634060895070434,6.267596244812012
24.548748986795545,7.858193874359131
-4.366250850260258,4.056456565856934
9.292498664930463,4.665706157684326
14.424998050555587,12.349288940429688
-5.157500743865967,1.588805079460144
10.344998806715012,7.393739223480225
0.33874858170747757,1.771993637084961
-4.518125828355551,1.2149425745010376
15.268122892826796,4.890035152435303
0.09562401846051216,4.186524391174316
-5.005625914782286,0.9370104670524597
-5.375001009553671,1.3389904499053955
15.808749504387379,8.433290481567383
14.84749866463244,6.665428638458252
55.087497629225254,10.422852516174316
-4.315625883638859,1.3199985027313232
-0.6437509749084711,2.9098098278045654
-5.247500874102116,1.1957097053527832
-5.635625887662172,2.411684989929199
-5.30000089481473,0.7104260325431824
-5.4575008396059275,1.5968577861785889
4.520623590797186,7.450629234313965
-5.440625903196633,1.4974803924560547
40.7643715813756,10.548837661743164
10.000623461790383,8.075921058654785
50.405623542144895,12.20495319366455
30.496248019859195,10.339577674865723
-4.345625814050436,1.8305965662002563
13.688748694956303,5.110962867736816
-0.48250075057148933,4.32611608505249
29.627498066052794,8.74256706237793
2.1115611139684916,4.4383440017700195
5.081248575821519,7.658427715301514
-4.6925008818507195,1.2101848125457764
26.280623521655798,11.740880966186523
5.4862491600215435,6.08198881149292
-5.43500092998147,1.3846863508224487
4.38624832034111,7.199572563171387
-4.38500090688467,2.6381587982177734
-4.126250920817256,1.7450793981552124
-4.126250812783837,1.9907317161560059
-5.50250094011426,2.062225341796875
4.901248520240188,2.864804983139038
31.12687249854207,14.156742095947266
-4.075625907629728,2.1078970432281494
25.37249823473394,6.028130531311035
-6.025626057758927,1.769327998161316
34.113748367875814,14.70705795288086
-6.614376116544008,1.6433464288711548
-4.6606260146945715,2.0385396480560303
4.124998601153493,6.599597930908203
4.664998896420002,5.772603988647461
5.166249379515648,3.9574966430664062
30.563747849315405,15.399776458740234
-5.0656259916722775,1.759436845779419
-6.2187511175870895,1.4613100290298462
-4.653125962242484,2.135781764984131
-5.1500010043382645,1.3720532655715942
-5.750000886619091,1.763026237487793
9.920935798436403,7.658773899078369
-4.070000931620598,1.6393271684646606
-0.5425010211765766,1.6158454418182373
49.98874757438898,10.163719177246094
24.521873876452446,8.682050704956055
-5.476250851526856,2.4963791370391846
-4.606250962242484,1.0809061527252197
5.024999711662531,7.155644416809082
24.743123576045036,13.978257179260254
35.134373251348734,7.248347759246826
-5.1106260027736425,0.9421218037605286
-3.876875825226307,1.646467924118042
6.514686170965433,6.457598686218262
10.69187268987298,8.283568382263184
-4.638125993311405,1.3441795110702515
-5.686250902712345,2.0812129974365234
5.7762485621497035,6.171443462371826
49.96156172454357,12.341734886169434
-5.230625990778208,2.1730666160583496
70.68781009875238,12.163480758666992
51.07374741137028,19.02779197692871
104.49937318451703,15.5521821975708
-5.309376046061516,2.061739206314087
28.725624300539494,8.077045440673828
31.100624116137624,10.328534126281738
15.889998454600573,9.746513366699219
15.307498812675476,7.048413276672363
0.4915612917393446,9.012373924255371
-1.0131259988993406,2.5847043991088867
44.171872932463884,11.016271591186523
10.948749583214521,7.758393287658691
4.6599989496171474,6.507009506225586
-0.2850012481212616,5.913264274597168
-4.823750901967287,1.3577138185501099
-5.478125949390233,2.8908095359802246
-5.521250951103866,1.093967080116272
-4.730000911280513,1.4752978086471558
-0.2668762467801571,3.4913196563720703
4.000310827046633,6.151595592498779
-0.05250151641666889,4.288928031921387
-5.084375981241465,1.361330270767212
25.46530986391008,7.520802021026611
-5.751875925809145,2.0709030628204346
-5.401251001283526,1.2330025434494019
0.2162488680332899,4.312662124633789
39.0759348180145,6.746036052703857
20.668123498558998,4.983574390411377
-4.2387508526444435,2.1526057720184326
10.071873342618346,5.280705451965332
-6.203750851564109,1.7563945055007935
14.90187363885343,4.758506774902344
-5.003751000389457,2.257636308670044
45.25749897584319,15.136780738830566
-5.30000077933073,1.80488121509552
-3.9668758679181337,1.905330777168274
23.676873687654734,5.9505228996276855
11.188748768530786,5.915248870849609
25.096872332505882,9.957225799560547
41.43124694749713,16.773439407348633
9.761873356066644,9.011276245117188
-0.2006260622292757,4.128995895385742
21.824060544371605,7.087436676025391
5.454998955130577,5.521224498748779
-4.533125845715404,2.0493240356445312
10.436248576268554,4.323633670806885
5.6506234630942345,6.315729141235352
10.757498605176806,8.725950241088867
26.007498217746615,9.818023681640625
44.901873698458076,8.35123348236084
10.61499908566475,5.9695515632629395
-5.701251136139035,1.852152943611145
0.35937398113310337,4.970704555511475
-4.99625095911324,1.6379791498184204
-4.638125881552696,3.089185953140259
-1.4418764933943748,5.707983493804932
27.301872942596674,11.618267059326172
24.92374872416258,11.903619766235352
-4.887501008808613,1.2450246810913086
9.171249501407146,6.484719753265381
-0.27187603525817394,3.5306482315063477
24.765623919665813,6.728527069091797
-4.746876010671258,1.8941116333007812
35.344997487962246,6.595820426940918
50.557499565184116,13.016993522644043
-5.603751031681895,1.4400999546051025
40.3356224372983,10.962834358215332
20.574999561533332,5.433962821960449
-4.506875995546579,2.587029457092285
-0.9968759901821613,3.9219515323638916
-5.120001036673784,2.091561794281006
-5.075000934302807,1.310031533241272
9.621873313561082,5.552369117736816
5.141248859465122,4.216049671173096
10.148748747073114,8.526613235473633
4.111873677000403,7.0541510581970215
42.03718580678105,6.9900312423706055
35.28749735467136,7.637356281280518
10.20624840259552,7.915407657623291
-4.831250987946987,1.5644495487213135
-0.03250139765441418,4.749080181121826
0.8699987065047026,3.5344018936157227
-5.140626084059477,3.984518527984619
10.210624413564801,9.472354888916016
-0.761875880882144,4.86823034286499
4.869373949244618,6.1443634033203125
4.207811072468758,8.25279426574707
-5.57000108063221,1.5526002645492554
5.167498975992203,3.906466245651245
4.657498419284821,7.074799060821533
20.431873930618167,6.711516380310059
-0.26437599025666714,5.579147815704346
30.375624132342637,9.100266456604004
-4.5068759601563215,1.9116950035095215
-0.40500080212950706,3.254049062728882
34.73937363550067,14.123883247375488
31.103121725842357,8.304108619689941
-4.692500902339816,1.9076083898544312
14.821873812004924,9.555781364440918
9.308748725801706,6.429737091064453
-5.978751014918089,1.7176445722579956
-4.758125815540552,1.3681524991989136
-0.14312602952122688,6.663047790527344
15.418124144896865,10.131193161010742
5.298748325556517,6.258730411529541
-5.318750914186239,1.0833672285079956
4.358123894780874,3.1205027103424072
-4.716876013204455,1.8207602500915527
-5.305625949054956,2.267023801803589
-5.198750908486545,2.0693953037261963
-4.731875866651535,2.22735595703125
-6.03875083848834,2.3920509815216064
39.54999884031713,9.578811645507812
40.093747053295374,12.092361450195312
25.49062319099903,6.3788371086120605
34.81187376379967,10.779977798461914
0.016874363645911217,4.301548957824707
5.283124061301351,9.373817443847656
0.01999891921877861,3.4750044345855713
-5.180001001805067,1.2057706117630005
-4.362500830553472,1.491938591003418
-5.856875825673342,1.0743368864059448
41.34968492947519,10.890766143798828
-5.517500968649983,1.0517767667770386
0.01999923586845398,5.204217910766602
-0.17781342566013336,5.9647626876831055
4.7849996369332075,4.245251178741455
3.9643748328089714,5.538139820098877
-4.835000969469547,2.349501609802246
63.95968556031585,10.837056159973145
-3.601250883191824,1.670769453048706
-3.7756256386637688,2.3891665935516357
25.013747917488217,12.700901985168457
0.5918745696544647,4.9544477462768555
33.53343687206507,15.83346176147461
0.09312428906559944,4.858370304107666
29.826873525977135,7.212209224700928
28.652184952050447,8.207500457763672
46.01937235146761,11.659438133239746
15.330624118447304,3.299346923828125
45.08155974559486,6.540586948394775
30.007498551160097,6.381921768188477
9.746248850598931,5.576569557189941
15.518123053014278,11.181331634521484
34.85906055942178,11.004634857177734
14.78999925032258,11.274197578430176
3.207811161875725,5.660093307495117
-0.3350011110305786,3.9430222511291504
-0.12406381405889988,4.018143177032471
15.214998606592417,10.804139137268066
44.75687317177653,22.214075088500977
70.03749636560678,5.91979455947876
20.646874455735087,16.289878845214844
35.13749845698476,16.525333404541016
15.322498191148043,10.569634437561035
10.47499947808683,11.167486190795898
6.4443732611835,7.726404666900635
10.006873365491629,9.46729564666748
-4.360626062378287,2.825099229812622
60.1553097628057,17.848112106323242
-5.054375931620598,4.3470048904418945
-5.300000938586891,2.9357566833496094
0.3949990663677454,6.304405689239502
23.454374484717846,6.941666126251221
15.062811376526952,6.35528039932251
9.75281091965735,6.972967624664307
-5.517500884830952,1.8169963359832764
-4.280001012608409,1.8420767784118652
-5.08062587864697,1.6948561668395996
39.460623221471906,5.199391841888428
-5.195000866428018,2.459728479385376
0.12437405437231064,4.203600883483887
-4.788125954568386,2.0578041076660156
-4.743125895038247,2.4020097255706787
10.448123158887029,8.580012321472168
15.246249355375767,11.800551414489746
5.33124908618629,6.720818042755127
18.843749463558197,8.084931373596191
-0.19250071421265602,4.086286544799805
-5.174375977367163,1.3681524991989136
34.096872793510556,14.615029335021973
-0.868750523775816,3.0547966957092285
0.1312489416450262,4.17999267578125
-5.110625792294741,2.318242311477661
-0.2650010325014591,1.3019508123397827
0.477499270811677,3.990849018096924
-5.481875808909535,1.6210803985595703
-4.793750839307904,1.6274951696395874
55.44874713383615,19.3626708984375
30.656873306259513,4.953108787536621
29.153122754767537,9.513867378234863
-5.847500823438168,2.441957712173462
15.02062416728586,5.8113603591918945
-4.606250977143645,3.4570775032043457
-3.7287508491426706,2.2968082427978516
50.32624710723758,11.991358757019043
-5.251251054927707,1.3951090574264526
40.90312264114618,8.106390953063965
0.25312401354312897,4.141964435577393
-0.18312549591064453,3.8709397315979004
0.8449989408254623,3.873899459838867
21.684374626725912,9.783676147460938
-0.3175013493746519,4.0012335777282715
29.811249163001776,5.788211345672607
-5.22687603905797,1.1511259078979492
9.706248939037323,4.963913917541504
6.548749113455415,7.097474098205566
14.13062359392643,6.298802852630615
-4.7018758822232485,1.5292367935180664
-0.5893763117492199,2.7366859912872314
-5.517500899732113,1.7478065490722656
0.41593633592128754,2.9800596237182617
-4.756251059472561,1.4626175165176392
39.155936527997255,8.987549781799316
-5.116250803694129,2.6411163806915283
4.298123426735401,2.544635772705078
15.148123214021325,7.270208835601807
5.285936200991273,8.201770782470703
0.3074987679719925,2.831733226776123
0.5074989926069975,5.896013259887695
-5.114375963807106,0.7822413444519043
-0.8443761374801397,4.271069049835205
23.763124061748385,13.615372657775879
10.108123423531651,7.343055248260498
29.05999841168523,8.324936866760254
-5.386251021176577,1.6859533786773682
136.3540569394827,10.918282508850098
-4.7168759647756815,2.8765013217926025
20.09624755755067,7.9407806396484375
21.315623328089714,5.514204025268555
5.240935919806361,5.608974456787109
9.42499865964055,5.755456447601318
-5.185625718906522,1.3753232955932617
-0.5037506595253944,5.7662672996521
5.869062229990959,6.91421365737915
-5.037500930950046,3.358577013015747
-4.688750857487321,1.7558789253234863
26.598435878753662,5.1243391036987305
14.661248480901122,3.7680346965789795
-5.341250944882631,1.4318212270736694
-0.3231262378394604,3.5546231269836426
29.994373915717006,7.828183174133301
0.05187373235821724,5.234279155731201
0.38374888710677624,4.617952346801758
10.511874113231897,5.305697917938232
19.516561532393098,6.098643779754639
15.569998744875193,5.443395614624023
9.699998140335083,10.133832931518555
15.85499843582511,6.520620346069336
44.91124783735722,7.396742343902588
-5.125626046210527,2.966557741165161
10.393124034628272,6.1144843101501465
-5.1125010177493095,1.688218355178833
34.11937342770398,15.66551685333252
-5.697500955313444,1.7502310276031494
4.514998719096184,6.595157623291016
35.01374851167202,4.969857215881348
6.180311037227511,6.681450366973877
-4.4975009225308895,1.994744062423706
-4.463750911876559,1.9676042795181274
-4.906250948086381,1.8627055883407593
41.28249875083566,10.837238311767578
10.319374202750623,5.13621187210083
49.85749804414809,8.577041625976562
-0.3362512122839689,1.6348280906677246
14.64124876819551,6.769424915313721
-4.589375849813223,1.3536263704299927
5.655623618513346,7.182234764099121
-0.6653136610984802,2.5510940551757812
15.445623483508825,3.1737301349639893
-5.0300009194761515,1.579553246498108
-4.668125960975885,3.5601601600646973
5.096248710528016,7.235554218292236
0.4812492933124304,4.194706439971924
14.903749413788319,4.682498455047607
12.536249527707696,6.6709370613098145
1.7937488732859492,4.798009395599365
29.30562276765704,8.952340126037598
30.02249869145453,5.574550151824951
0.9374992027878761,4.139604568481445
1.2068739961832762,3.5504088401794434
4.922498656436801,7.786030292510986
32.20156108401716,5.299243927001953
9.382498683407903,8.917738914489746
-4.752500958740711,1.4933851957321167
3.902186118066311,4.011189937591553
-5.305625984445214,2.1589221954345703
5.424060761928558,4.347151756286621
25.872497310861945,12.631730079650879
24.551247315481305,13.444908142089844
16.250623820349574,6.334898948669434
50.743123073130846,6.571395397186279
72.88905883766711,14.154410362243652
38.5665611885488,5.435612678527832
-3.488750932738185,4.0228095054626465
9.770935904234648,5.148351669311523
15.625623507425189,8.275163650512695
-4.441250840201974,2.1579954624176025
-4.643751006573439,2.030012369155884
-0.8731259480118752,1.6489534378051758
31.348123801872134,6.326418399810791
9.541249109432101,10.07731819152832
19.899999424815178,5.275087833404541
-4.799375876784325,1.6346359252929688
14.374373771250248,5.877861022949219
3.6324992664158344,5.793074607849121
-5.095625808462501,1.8164515495300293
-4.608125871047378,2.552215099334717
-0.09937595576047897,4.495060920715332
-4.131875829771161,2.3072919845581055
-5.4987509325146675,1.8778260946273804
10.33124871738255,9.39538288116455
14.548123508691788,5.6941447257995605
-5.153750889003277,2.059443235397339
11.153124213218689,5.760173320770264
-5.5868759620934725,2.452786922454834
10.445936683565378,5.07118034362793
10.860623899847269,8.771037101745605
-4.632500691339374,1.015092372894287
23.8206226490438,6.3693037033081055
74.48499749228358,11.02685832977295
-5.148125816136599,5.337944030761719
-4.137500785291195,2.2309181690216064
16.8949983548373,9.455984115600586
23.89937458001077,6.289196491241455
4.562498603016138,6.130887031555176
86.204685469158,13.748552322387695
-4.866875931620598,2.3367013931274414
-5.322501003742218,1.0875660181045532
13.580312384292483,7.725679874420166
4.232498249039054,4.4964680671691895
9.938123676925898,10.798891067504883
54.478123251348734,10.733002662658691
57.2490591686219,17.09597396850586
0.7399993808940053,5.916281223297119
5.068123947829008,9.051194190979004
39.6674977093935,6.456648349761963
0.20374887809157372,5.740215301513672
-5.001875903457403,1.8362808227539062
36.125624384731054,14.653782844543457
4.239373940974474,3.8925797939300537
19.189374275505543,6.914164066314697
28.11062267422676,8.301492691040039
45.58624816685915,10.988011360168457
1.1284369938075542,6.15446662902832
-5.236251030117273,3.140108823776245
20.208124168217182,11.771055221557617
-5.123750776052475,8.19127368927002
18.709998656064272,9.693697929382324
-0.3318758197128773,6.135169982910156
24.805000092834234,13.096920013427734
-4.7150007002055645,2.2441279888153076
35.38875065371394,13.53758716583252
-0.2640631999820471,4.578091621398926
29.728123888373375,11.551405906677246
39.44562332518399,7.384216785430908
24.142499331384897,4.240774154663086
-4.1937507735565305,1.424351453781128
29.96593570895493,8.02520751953125
9.520310867577791,3.7598509788513184
-5.301875937730074,3.185147762298584
5.283123472705483,8.741987228393555
3.4890614207834005,4.752475738525391
29.46812343597412,8.183342933654785
73.91812319122255,12.872684478759766
0.5937494225800037,4.045956611633301
0.1524988254532218,4.605603218078613
5.44656103476882,5.118366718292236
16.11374733224511,12.218232154846191
16.09812269732356,13.378686904907227
-5.588751010596752,1.2553244829177856
14.962186504155397,9.641382217407227
-4.263125831261277,5.1988139152526855
-5.384375957772136,3.599074363708496
-0.06250068359076977,3.179368734359741
10.665623668581247,10.679057121276855
11.006873670965433,11.22886848449707
10.776873268187046,11.555760383605957
79.93812146037817,11.134626388549805
-4.711250873282552,3.7783472537994385
-5.650625955313444,1.622131586074829
-4.859376009553671,2.288769483566284
4.422186315059662,7.353628635406494
-4.9137509521096945,2.2800822257995605
10.124373842030764,9.753746032714844
10.013435455039144,8.68154525756836
88.78437327966094,7.794745922088623
-5.273751033470035,3.792471408843994
11.081248454749584,7.634300708770752
14.904373720288277,9.225593566894531
24.675624737516046,15.165775299072266
75.54687233641744,11.718937873840332
-0.12625153921544552,6.3827056884765625
-4.340000838972628,1.5572385787963867
16.142498064786196,7.268662929534912
19.503748521208763,8.397961616516113
5.66093585640192,4.194366455078125
20.282810350880027,10.119251251220703
58.95406077988446,11.953286170959473
-5.615000857040286,1.9041736125946045
31.025621622800827,10.952616691589355
-5.592501118779182,2.0490493774414062
0.679998517036438,3.589759588241577
-5.765000890940428,1.4895405769348145
33.79124755971134,10.031343460083008
0.49624898470938206,3.7709856033325195
8.697185715660453,8.842902183532715
44.244684513658285,13.270986557006836
10.15624862536788,5.153604984283447
-5.751875976100564,4.034458637237549
-5.346876062452793,4.482529163360596
31.288748808205128,10.165018081665039
19.134998543187976,6.978941440582275
20.1874986179173,17.87742042541504
33.90187422931194,15.269007682800293
-4.983126053586602,1.8421647548675537
-0.22375105507671833,4.839122295379639
-5.571876090019941,3.9462692737579346
-4.484375828877091,1.9002915620803833
0.9731239043176174,2.398547649383545
-4.801251079887152,4.395328998565674
-5.675000952556729,1.2774888277053833
-5.4687509983778,2.2308387756347656
-0.3950010724365711,5.316136360168457
13.698749093338847,7.359038829803467
10.847497975453734,10.246609687805176
-4.688750900328159,1.7355748414993286
-5.114375879988074,3.6837422847747803
53.706246595829725,11.659113883972168
-0.2062511332333088,4.100461483001709
-5.592501074075699,3.234013795852661
-4.77500094845891,1.5375423431396484
-4.640000786632299,2.587794542312622
35.911875429563224,7.413861274719238
-0.6650010906159878,3.6029605865478516
15.196248594671488,8.75356388092041
-5.738750908523798,1.6138129234313965
-4.291250724345446,1.301182746887207
39.65249799378216,8.218713760375977
4.81281141936779,4.0999226570129395
-4.906250901520252,0.8252792954444885
-0.40000120364129543,2.946445941925049
24.692498041316867,7.230149269104004
0.16249929927289486,2.1917896270751953
-5.770625993609428,2.563251495361328
14.978123372420669,6.472557067871094
26.970310242846608,13.985724449157715
40.418124578893185,8.301140785217285
-6.211250998079777,2.731539249420166
-5.341251038014889,4.056724548339844
81.42874749004841,13.14305305480957
-5.311251062899828,1.5195618867874146
54.092496955767274,6.76678991317749
9.989998681470752,10.38473892211914
-3.7887507900595665,2.1965153217315674
-5.395625993609428,2.0394678115844727
-4.568750824779272,1.3512027263641357
-4.619375716894865,1.6086465120315552
-4.411250935867429,3.4296693801879883
5.233748631551862,3.5878093242645264
50.524373423308134,6.325026035308838
10.326560486108065,4.888079643249512
-6.016250951215625,2.762913942337036
-5.005625925958157,2.5250396728515625
35.04249899275601,12.958940505981445
-5.196875914931297,1.4885729551315308
-6.119376000016928,3.7419753074645996
10.729998752474785,5.730929851531982
26.231873858720064,7.177231788635254
-4.520000701770186,1.541363000869751
65.13562185317278,11.477603912353516
-5.45750112272799,1.6253714561462402
40.47374760173261,13.401429176330566
19.518124086782336,11.381243705749512
-4.381250869482756,1.3763818740844727
33.935623361729085,8.365458488464355
-4.829376006498933,1.8903952836990356
-4.651250885799527,1.4108760356903076
15.187498223036528,11.292097091674805
35.59499926306307,17.628957748413086
-4.259375970810652,1.2763835191726685
16.02312383428216,9.334446907043457
9.849999250844121,6.255748748779297
4.4943733513355255,5.185971260070801
14.657499155029655,10.718301773071289
5.269998416304588,4.6541876792907715
-5.170625943690538,1.4523425102233887
10.327497992664576,8.81822395324707
0.47374879010021687,4.813501358032227
-5.300000848248601,1.9218192100524902
-5.528750887140632,2.838089942932129
-0.6375012509524822,4.421097755432129
15.589999010786414,5.543945789337158
-0.07562636956572533,6.142470359802246
30.489998497068882,16.89872169494629
30.81062276288867,5.2587504386901855
-5.330000959336758,0.7654529809951782
-0.265626210719347,3.999431610107422
4.496248386800289,6.584883213043213
-5.230625919997692,1.4089938402175903
10.560935575515032,4.628162384033203
4.702498804777861,8.353129386901855
-4.891250714659691,3.292308807373047
24.18624816276133,6.764061450958252
-4.878125978633761,1.6280075311660767
-4.536875817924738,1.3342057466506958
-5.099375929683447,2.4064290523529053
11.138747991994023,4.337424278259277
5.406874317675829,3.383826494216919
4.836248247884214,4.54647970199585
-4.546251056715846,1.4867658615112305
0.9315616991370916,3.780158281326294
19.173748524859548,11.930602073669434
-0.6387511044740677,4.481788635253906
4.694998409599066,3.66866135597229
-5.5231258645653725,2.4759206771850586
19.956562500447035,10.996916770935059
5.1462493017315865,6.768819808959961
-4.60437591560185,1.3797167539596558
0.1759364753961563,2.899972677230835
-5.476250937208533,2.2562923431396484
5.455623896792531,3.7302987575531006
55.4599973410368,10.198838233947754
15.124373288825154,10.131746292114258
54.68718559294939,10.490711212158203
-5.001875983551145,1.4491902589797974
-5.511876029893756,1.2460150718688965
-5.588750964030623,3.0179927349090576
-4.846250930801034,2.2060387134552
0.13374923542141914,3.642808198928833
33.7206233907491,9.469918251037598
-4.825625952333212,3.47973370552063
-4.855625988915563,1.3166255950927734
-0.4193759076297283,5.260200023651123
4.869686580263078,5.675986289978027
4.90187425352633,5.5200605392456055
83.87374505586922,17.8082332611084
0.8434366676956415,2.7355873584747314
-5.952500911429524,2.5826303958892822
28.401560617610812,7.209197998046875
-5.086250899359584,1.4559601545333862
10.941248994320631,6.6700897216796875
-4.769376002252102,2.235102653503418
-4.8256259970366955,4.353093147277832
10.893749054521322,5.268646240234375
-6.0987508893013,1.3191120624542236
-0.3712509833276272,4.8140058517456055
-4.786250924691558,0.6166515946388245
20.710623992606997,9.088112831115723
-5.033750843256712,1.5608488321304321
35.31874754652381,9.805800437927246
20.2421853300184,6.879105567932129
-5.560626061633229,1.428459644317627
-3.621875846758485,1.9560282230377197
-5.44250095449388,1.3023333549499512
-5.547501008957624,1.7188482284545898
-5.0000009667128325,2.2158963680267334
0.5324989007785916,3.840618371963501
9.573748921975493,4.994394302368164
11.140310857445002,7.747959613800049
24.774997386150062,5.624548435211182
-3.813125755637884,2.8509230613708496
10.399998798966408,3.4317467212677
-5.360000943765044,0.9632540941238403
-5.2756260465830564,1.1448954343795776
3.825935985893011,4.484942436218262
-5.796876031905413,3.8731844425201416
0.10218629986047745,6.201992988586426
0.1031239964067936,4.783691883087158
16.3821855597198,3.439162254333496
39.07374729774892,6.2985148429870605
53.61562270857394,9.732136726379395
-4.137500887736678,1.031771183013916
28.976247143000364,13.338028907775879
-4.820000972598791,1.5703264474868774
9.226873721927404,4.755592346191406
25.108124716207385,14.386473655700684
1.7418742068111897,5.608997821807861
-4.328751031309366,2.3260693550109863
0.2199989128857851,3.988948345184326
-0.5612510051578283,3.952693462371826
61.58812287449837,8.874207496643066
15.279373498633504,8.356979370117188
-1.0668758749961853,3.775805711746216
-4.585625862702727,1.406851887702942
14.552185755223036,3.5112998485565186
-4.583750896155834,2.444626569747925
9.57406086847186,11.212431907653809
19.65187343209982,6.737621784210205
-4.82562593370676,3.9830453395843506
16.13781082443893,5.199243068695068
9.955623846501112,6.217319011688232
23.40781114436686,6.080629825592041
11.231873700395226,4.826096534729004
5.781249055638909,7.991106033325195
-5.795001046732068,1.5016425848007202
-6.308750901371241,3.2489964962005615
38.07562165334821,16.135658264160156
34.59874752908945,15.456636428833008
19.654998226091266,11.727882385253906
54.087495509535074,9.020472526550293
-5.495001016184688,2.9104459285736084
19.970311304554343,9.473559379577637
-4.0006258469074965,2.982311248779297
40.1059361435473,12.973872184753418
-1.0631261579692364,4.325479030609131
64.75187557563186,15.269224166870117
-5.112500911578536,1.8641421794891357
-5.170625891536474,2.07323956489563
-5.071250986307859,1.2584432363510132
9.25062320008874,3.7718777656555176
-4.910000927746296,2.442333459854126
41.01437421143055,13.4793701171875
-4.311875939369202,3.4872238636016846
-5.493125934153795,0.8100779056549072
-5.30937603674829,2.9635965824127197
29.189060788601637,18.69022560119629
0.008123701438307762,4.526154518127441
-5.1800008080899715,1.8810136318206787
15.95187271758914,9.146657943725586
4.574999239295721,4.026086807250977
-3.6912507992237806,1.9334330558776855
36.917497128248215,10.766012191772461
-5.8268761690706015,1.4501866102218628
4.281874515116215,3.093346118927002
-4.242500830441713,1.7833962440490723
-5.048750910907984,1.3920657634735107
-4.853750851005316,2.1171910762786865
11.475623743608594,5.326476573944092
5.545935604721308,4.43338680267334
20.214998356997967,7.3314690589904785
-4.621250871568918,0.8923534750938416
4.192811099812388,3.9114878177642822
65.41062489710748,13.577141761779785
-5.0693759601563215,1.8223294019699097
19.848749075084925,8.604978561401367
16.274998761713505,9.04654312133789
0.5449991468340158,6.985770225524902
-4.951250921934843,2.5709502696990967
45.354372093454,7.63011360168457
40.687498930841684,10.878214836120605
-5.056251108646393,2.095716714859009
-6.254375919699669,2.9648094177246094
96.2124946154654,14.802077293395996
9.942498117685318,4.525877475738525
55.72312287427485,12.891387939453125
25.184685461223125,16.965301513671875
56.26780921779573,13.842681884765625
18.970310922712088,4.029874801635742
33.78312277235091,9.994996070861816
-0.7356264069676399,3.825608491897583
5.8431238159537315,6.483271598815918
-4.651250855997205,1.7490774393081665
50.80312352068722,8.145126342773438
-4.827501069754362,2.023550510406494
4.469373796135187,1.740559458732605
59.8074978236109,8.379989624023438
-4.857500737532973,1.3732603788375854
-5.1406259797513485,1.869225025177002
17.26531108468771,7.080575466156006
-5.030000951141119,2.1918599605560303
5.459374574944377,6.38032341003418
-5.736875992268324,1.4752765893936157
-5.950626073405147,1.9861656427383423
-4.570625839754939,1.6373224258422852
-6.128751086071134,1.5806270837783813
-5.538125991821289,1.7948217391967773
5.358748896047473,6.251891613006592
-4.2856259774416685,2.1553850173950195
-5.16500087082386,1.0302273035049438
-5.4575009271502495,0.8826828598976135
15.84749798849225,8.675019264221191
39.987497609108686,13.375191688537598
5.122811997309327,5.309604644775391
40.70124735496938,9.860684394836426
-0.9812511242926121,4.1739630699157715
-5.258750904351473,1.0908313989639282
40.17124779522419,6.018306255340576
4.713123420253396,7.817856311798096
5.268748816102743,3.0824878215789795
-4.7562510669231415,1.3284969329833984
39.949059745296836,10.871511459350586
39.32562327384949,12.983475685119629
-4.304375808686018,1.7641589641571045
-4.842500852420926,2.4105114936828613
-4.694375898689032,2.2492177486419678
9.56499912403524,11.204374313354492
6.4265607334673405,6.692432880401611
5.825624097138643,6.9974894523620605
-5.270000949501991,2.88566255569458
-4.970000971108675,2.5912601947784424
0.3106242287904024,5.240426063537598
-5.150000965222716,1.6915709972381592
25.412498688325286,13.122897148132324
31.03593533113599,6.507945537567139
24.30062360316515,10.07999324798584
-5.142500901594758,1.848593831062317
40.02218507044017,12.513075828552246
-4.495625978335738,2.435614585876465
0.9874987788498402,4.400677680969238
-4.88187593780458,2.2187414169311523
5.234998609870672,5.603490352630615
-5.09750098362565,1.6789352893829346
19.664998726919293,4.9102959632873535
-5.431251049041748,1.49526047706604
15.232498332858086,4.568866729736328
-5.142500881105661,2.8620009422302246
5.32499934732914,7.445773124694824
18.57656073756516,7.025514125823975
-4.799375910311937,1.032599925994873
10.845623809844255,6.20180606842041
10.929373987019062,5.278979301452637
-4.077500956133008,1.8387736082077026
5.886873506009579,2.6771645545959473
10.501248167827725,6.487544536590576
-4.613750835880637,4.664316654205322
-5.71250094473362,1.1837674379348755
10.080936443060637,7.874711990356445
29.132498567923903,16.721921920776367
10.052499182522297,6.55548095703125
50.68999688141048,11.397786140441895
-0.4612510148435831,4.790490627288818
15.361249202862382,9.121265411376953
-3.7287507988512516,1.898726224899292
35.15999851003289,17.278560638427734
0.3109361343085766,3.650768518447876
-3.670625885948539,1.1666990518569946
15.321561412885785,3.5361993312835693
-5.0487509705126286,2.1670660972595215
-0.4762507602572441,2.798647880554199
5.05937426071614,3.4343550205230713
95.08874666690826,15.59476375579834
15.052497880533338,9.08152961730957
81.67374671250582,14.790314674377441
-4.29125078395009,1.3556746244430542
0.6168742030858994,6.574759006500244
15.957498233765364,14.041102409362793
16.40749805048108,7.052640914916992
43.59312147460878,10.66397762298584
64.90718474984169,11.552124977111816
30.693747544661164,13.69930648803711
-3.500000886619091,3.2201898097991943
-4.992500964552164,1.4043664932250977
24.81874816119671,7.7461347579956055
13.95531140267849,7.422642707824707
-4.418751023709774,1.3715959787368774
50.32156171184033,11.196596145629883
-4.467500749975443,2.189891815185547
10.174374563619494,10.0378999710083
24.23937277123332,8.447389602661133
19.56687385775149,11.352712631225586
31.019998556002975,10.878276824951172
-4.805000904947519,3.972534418106079
40.56062339246273,9.34355354309082
-5.3000009804964066,1.1746588945388794
5.510624416172504,8.324430465698242
0.5024989321827888,4.992234706878662
-5.099376022815704,3.2223782539367676
-4.748751062899828,2.298302173614502
-4.728125920519233,2.5777390003204346
-0.1756259761750698,3.070972204208374
-5.322500975802541,1.9449042081832886
-3.9406258706003428,1.328397512435913
-4.602500986307859,1.9904356002807617
4.713748589158058,6.589724063873291
26.301874320954084,12.799510955810547
55.1412490112707,8.061244010925293
71.24249712750316,9.686677932739258
-4.475000808015466,2.5460658073425293
-4.092500783503056,2.2544500827789307
-3.486875871196389,2.3556571006774902
25.502498790621758,6.722679138183594
14.413434831425548,2.9942924976348877
0.8668739628046751,4.139708995819092
-5.221250930801034,1.7581102848052979
0.046248896047472954,3.830122232437134
0.06874920055270195,3.533961772918701
-4.808750910684466,1.3484013080596924
4.921873316168785,5.608103275299072
49.99249883554876,9.922337532043457
-5.264376038685441,1.6003904342651367
-4.853750983253121,1.377303957939148
14.896248284727335,11.647424697875977
16.074686309322715,9.443866729736328
9.753748456016183,4.553530216217041
40.63312252424657,6.946069240570068
0.06124886870384216,4.621485710144043
26.34062416292727,14.291008949279785
20.745310183614492,10.372417449951172
29.7343719471246,8.405533790588379
50.729684771969914,10.907280921936035
-5.401251031085849,1.9046257734298706
4.840624062344432,6.056785583496094
21.304998254403472,12.82867431640625
-0.11500126495957375,2.1749300956726074
28.583122480660677,13.978071212768555
-5.163126066327095,2.159803628921509
-5.262501034885645,0.9132172465324402
-4.827500838786364,0.7476542592048645
30.841560235247016,11.253978729248047
44.05187202617526,9.794368743896484
39.044373385608196,18.38986587524414
4.734998574480414,7.853787422180176
-4.596875919029117,3.562791347503662
36.32656096946448,9.43309211730957
-0.4843763988465071,2.1923980712890625
29.126249143853784,13.561115264892578
24.903124295175076,9.622185707092285
42.34812318906188,7.3425164222717285
-0.2843758277595043,3.968693494796753
45.819998156279325,15.009260177612305
5.995623556897044,6.697215557098389
65.10655964910984,16.563302993774414
78.3543700762093,6.801723003387451
21.41624846868217,10.229924201965332
-4.598750937730074,1.1002812385559082
15.253749383613467,9.32370376586914
14.141249084845185,9.684764862060547
-4.859375990927219,3.390692949295044
19.7362471409142,14.527937889099121
29.626247208565474,14.91569995880127
15.03437333740294,11.837189674377441
30.47374818660319,8.438663482666016
8.074061015620828,7.747153282165527
-0.7206262536346912,3.4828195571899414
-5.048750897869468,2.33799409866333
-4.3400008752942085,6.06886625289917
-0.18250109814107418,5.333441734313965
6.189998783171177,8.181659698486328
6.0218749940395355,8.133953094482422
5.954999117180705,5.450705051422119
30.603749630972743,14.643440246582031
0.06687408499419689,4.3438568115234375
70.4512460641563,10.3300199508667
4.769998190924525,8.370915412902832
9.24374963901937,9.32062816619873
-5.461250972002745,2.0918028354644775
26.283746410161257,6.928332328796387
-4.100000800564885,1.2722615003585815
21.835622860118747,7.0178117752075195
-5.1500007919967175,1.8650861978530884
42.28812163323164,10.402676582336426
55.09312149696052,10.093082427978516
-4.531250946223736,0.7976090908050537
-4.553750975057483,2.409313678741455
-4.482500867918134,0.9401140809059143
-4.941876031458378,1.5492768287658691
20.212498646229506,7.061730861663818
-4.343750776723027,1.2103540897369385
-5.2962508872151375,1.106712818145752
-0.8200012221932411,3.6959285736083984
10.032499246299267,6.17617130279541
9.51374915894121,4.025315284729004
6.281560726463795,5.691408634185791
9.839998981915414,6.321399688720703
-6.057500883936882,1.5609104633331299
-4.497500907629728,2.231145143508911
30.90749720763415,8.558625221252441
-6.126875946298242,1.9615824222564697
29.609372168779373,9.811551094055176
15.793749522417784,6.183094024658203
11.094998558983207,10.791302680969238
-4.450625736266375,1.3972563743591309
51.47499819099903,6.275551795959473
9.644374139606953,5.121893882751465
-4.949376028031111,2.144639015197754
-4.711250949651003,1.2791746854782104
-0.03531350567936897,5.011769771575928
0.39749898575246334,5.225156307220459
20.984998244792223,4.383465766906738
-6.005000989884138,1.0937309265136719
17.07374880462885,10.566600799560547
-5.007500814273953,0.8839077353477478
5.040623672306538,4.523719787597656
-5.367501014843583,2.650869131088257
-4.8237509578466415,2.2303409576416016
29.292186399921775,8.591691017150879
-4.960625959560275,1.403899908065796
14.184372203424573,6.780397415161133
61.20499850809574,19.40324592590332
20.22999813593924,4.020777225494385
9.774999039247632,8.873373031616211
0.2099988553673029,3.5532617568969727
0.8674990721046925,3.927671194076538
21.60593517497182,6.755254745483398
-4.208750919438899,1.7103257179260254
49.86124845221639,5.502835273742676
-5.787501007318497,1.4205888509750366
49.823433903977275,11.490494728088379
19.91312327887863,2.8056352138519287
16.050623120740056,8.020843505859375
5.436873868107796,6.586491584777832
9.447498328983784,3.846256971359253
35.240935971960425,7.330159664154053
4.051248777657747,8.187200546264648
-4.977500947192311,1.595190167427063
4.974998664110899,3.9416182041168213
-5.429375907406211,1.5700476169586182
51.224373484030366,16.272592544555664
50.17687210999429,8.322887420654297
-4.971875905990601,2.4658446311950684
63.74312183074653,17.36937713623047
-5.841876097023487,2.9507882595062256
9.599060572683811,14.440616607666016
79.29155792482197,23.981321334838867
-4.512500707060099,1.69051992893219
20.025935746729374,10.212812423706055
34.69499663077295,20.15827751159668
10.522499185055494,9.880080223083496
35.334373489022255,14.382462501525879
4.826248541474342,8.498432159423828
-0.514375714585185,7.759008407592773
14.407185720279813,7.0345563888549805
35.03562351502478,8.174180030822754
1.3153118789196014,9.227587699890137
-0.22375084273517132,5.9890570640563965
-4.41500080935657,0.9479795098304749
9.95749813504517,9.317060470581055
0.4043739028275013,6.172260761260986
5.64187372662127,7.113758087158203
-5.513751037418842,2.7667243480682373
34.40093555673957,11.5999116897583
-6.0893761441111565,2.22810697555542
-5.3337511252611876,3.2135472297668457
-4.486250873655081,2.631714105606079
-5.273751074448228,1.9834964275360107
-4.801250787451863,1.7035956382751465
25.407497994601727,6.638192653656006
24.453123023733497,5.929971218109131
-0.3025005925446749,3.935431718826294
45.49124759621918,15.6714506149292
-5.240000935271382,1.803406834602356
-5.50812598131597,1.4178931713104248
-0.3106260187923908,4.529327869415283
20.089373035356402,4.983616352081299
-0.4475010558962822,3.7992286682128906
5.262498911470175,6.873807907104492
-4.865000773221254,1.2451128959655762
1.178749025799334,3.3647303581237793
4.76124875806272,5.195384502410889
51.23999976366758,13.27387523651123
0.546873914077878,3.88010311126709
-5.255000952631235,1.6944581270217896
-0.1412509810179472,4.416674613952637
20.667499409988523,15.353128433227539
6.577499762177467,4.796154022216797
16.104686385020614,8.38591194152832
75.99999601021409,15.225059509277344
-4.469375818967819,1.7259279489517212
25.69750059582293,12.714954376220703
1.0999988615512848,3.3398382663726807
-5.937501013278961,3.0738813877105713
0.06874918378889561,4.211752891540527
40.15999707020819,9.390660285949707
29.86312392167747,5.103795528411865
5.503123426809907,4.0186920166015625
0.7562490832060575,5.189823150634766
103.53624536469579,12.016003608703613
-5.9300009198486805,1.8498643636703491
-4.236875956878066,1.7890340089797974
-4.48625098541379,1.7979539632797241
68.10124698281288,11.148804664611816
50.90749699342996,7.750879764556885
20.422498954460025,6.322151184082031
-4.801250830292702,2.099912405014038
-5.003750950098038,1.5035957098007202
-4.4675008431077,1.568307876586914
-4.621250979602337,2.1404948234558105
10.102498229593039,9.448755264282227
0.5443738363683224,5.8075056076049805
0.06749886274337769,4.097956657409668
-4.3831259328871965,2.2475643157958984
-4.565000841394067,2.1337990760803223
-4.180625967681408,1.7845330238342285
19.97562280856073,9.388232231140137
30.815623303875327,10.236052513122559
36.13874729536474,12.799381256103516
63.58031097240746,8.299884796142578
39.35562375374138,15.57837963104248
38.24124792218208,10.801170349121094
41.89968469366431,8.219799995422363
-5.4987511821091175,1.9594531059265137
5.435623766854405,4.292019367218018
16.60374914109707,16.13979721069336
-0.1450011245906353,3.086629629135132
-4.615625977516174,2.600604295730591
5.096248971298337,6.882717609405518
-4.3812509924173355,4.256715297698975
45.022810677066445,9.390543937683105
4.3474991377443075,3.740046262741089
15.748435512185097,6.164095401763916
31.28499788697809,11.400321006774902
101.09624780528247,13.953518867492676
4.2018744591623545,2.5637059211730957
0.2437494583427906,4.617060661315918
114.17780679278076,22.00311279296875
51.19374888855964,10.178269386291504
13.984998812898993,11.289002418518066
29.879997860640287,20.12984848022461
25.689998818561435,8.148903846740723
121.95062218420208,14.47596549987793
-5.114375755190849,1.1997883319854736
15.343122866004705,17.750682830810547
-5.466875992715359,1.1908198595046997
0.19624879583716393,4.085241317749023
66.97343568876386,31.690963745117188
-4.630625979974866,1.092280387878418
73.57999688573182,16.28902244567871
11.557499314658344,13.865331649780273
20.66687363013625,13.759918212890625
29.043437387794256,16.068758010864258
15.527498686686158,12.034871101379395
-5.729376066476107,5.1965508460998535
-5.620626039803028,3.026205062866211
-4.148750915192068,4.317310333251953
40.19124904833734,19.12615966796875
192.01374620944262,19.023685455322266
10.650623900815845,3.926159381866455
107.10874559171498,18.079614639282227
0.2337487507611513,3.1183040142059326
34.35812374204397,10.017945289611816
72.61374742537737,17.68599510192871
25.3674991838634,9.631392478942871
54.87062319368124,14.788783073425293
0.36937395855784416,5.112692832946777
58.73999769240618,16.89312171936035
-5.208125978708267,1.7087786197662354
25.306249166838825,6.897078037261963
30.348122280091047,9.577573776245117
-6.016250977292657,2.8686931133270264
-4.610000962391496,3.63252329826355
22.557184524834156,12.022156715393066
49.069996513426304,16.21384620666504
20.871248619630933,7.898420333862305
10.634998330846429,5.734330654144287
-5.024375982582569,3.1817212104797363
30.497809706255794,14.72107982635498
72.23030845075846,21.982324600219727
15.931872874498367,13.205204963684082
90.94030994176865,16.663209915161133
-4.851876046508551,1.4975272417068481
86.69812176935375,11.847134590148926
60.94343254342675,18.126911163330078
50.415623338893056,17.251811981201172
21.714998180046678,23.986591339111328
44.53249669075012,14.57296085357666
-3.8881259504705667,4.9479875564575195
10.392499189823866,11.829156875610352
-4.278125982731581,5.919583320617676
21.166560967452824,9.86518383026123
-5.352501001209021,3.5496530532836914
25.56999841425568,13.702404022216797
15.449373677372932,7.374510765075684
124.6940589491278,19.53986167907715
0.08749912306666374,4.715898036956787
-4.846251063980162,1.8800970315933228
10.179373728111386,6.313697338104248
109.62437133304775,17.455692291259766
45.454374860972166,17.970319747924805
0.03374874405562878,3.2513020038604736
-4.137500831857324,1.6058783531188965
66.33874734863639,16.951379776000977
26.482186237350106,15.033146858215332
10.359998606145382,10.832681655883789
25.32374842464924,9.263374328613281
39.45624788850546,23.185029983520508
-5.163125930353999,2.9802582263946533
31.00812256336212,9.109339714050293
-4.681250987574458,2.5634758472442627
-4.641876025125384,1.2276902198791504
-5.3975010104477406,2.9852726459503174
80.84343235008419,9.967872619628906
105.31624619290233,13.867794036865234
54.12218359299004,12.238611221313477
4.634374208748341,5.006986141204834
25.604998037219048,8.176518440246582
32.05312252417207,10.115449905395508
20.644685991108418,8.443878173828125
34.92843476124108,13.47109317779541
20.32156053930521,6.2035017013549805
50.28999728150666,11.940006256103516
-3.9931258503347635,7.400836944580078
-4.724375907331705,0.9096059203147888
14.879373827949166,8.587128639221191
-5.000000958330929,1.9825079441070557
-5.418126096948981,4.444726467132568
19.942498307675123,7.654494285583496
9.398123541846871,6.070709705352783
38.69530921429396,11.92987060546875
30.355623396113515,9.450129508972168
49.29093450307846,9.195796012878418
-5.114375924691558,2.633530616760254
-4.480625793337822,1.2481034994125366
52.68499807268381,7.142923355102539
19.501248456537724,9.754239082336426
-4.415000818669796,0.9477717876434326
-3.807500859722495,2.199740409851074
10.468748860061169,9.269599914550781
5.789999192580581,8.371967315673828
9.967811063863337,9.47253131866455
60.83499861322343,8.857032775878906
21.255624191835523,7.337948799133301
19.350934892892838,5.735527515411377
64.67749679088593,6.887696743011475
4.73374898917973,4.089751720428467
35.65499759837985,10.797104835510254
-6.050000971183181,1.8105236291885376
45.914996951818466,7.6128411293029785
125.76749647967517,11.262700080871582
0.9743738956749439,3.370742082595825
-0.39625084400177,2.2847564220428467
0.20187410153448582,3.6719629764556885
65.13874775730073,22.74616241455078
-5.067500891163945,0.8872643709182739
57.191245682537556,9.013437271118164
13.747811468318105,6.255003929138184
-4.9100009724497795,3.2196898460388184
26.332497846335173,15.689136505126953
49.85812075436115,16.69211196899414
31.563747504726052,14.17095947265625
29.485310094431043,15.756534576416016
70.0812467224896,17.744380950927734
-4.589375998824835,2.233104944229126
15.930623330175877,10.660074234008789
104.45218067616224,17.01081085205078
-5.461250960826874,1.8432785272598267
34.1606227196753,21.96657943725586
124.82124680280685,20.623188018798828
37.65781078860164,13.928398132324219
-5.178125984966755,5.08012056350708
-0.13750090450048447,6.691114902496338
-4.5312508679926395,0.5597105026245117
-5.6656259521842,2.5278267860412598
14.170624885708094,8.530688285827637
-4.0025006653741,2.3093016147613525
44.54312219284475,17.759742736816406
24.99624876305461,8.652799606323242
0.8515615090727806,4.042433738708496
19.34749892167747,4.452877998352051
0.4140610881149769,3.1661531925201416
-5.54750107973814,3.767522096633911
75.33999764174223,9.993267059326172
-1.726876139640808,1.684662103652954
36.33343521505594,8.180344581604004
35.751248605549335,4.53564453125
9.987498972564936,5.909909248352051
65.62124810554087,6.804370880126953
20.92999812029302,8.753661155700684
-0.2009385246783495,2.654313802719116
-5.44625093601644,1.9945787191390991
15.168436344712973,4.803532600402832
19.867186557501554,7.293715476989746
10.994998559355736,8.183906555175781
30.456248017027974,8.184691429138184
49.804373774677515,12.135974884033203
4.49624927341938,4.808058261871338
-5.581250802613795,2.2768750190734863
99.23812304250896,8.730308532714844
17.559998078271747,12.419570922851562
6.7409358732402325,8.26006031036377
-4.133750848472118,2.0456788539886475
74.27374762296677,16.745662689208984
30.424061136320233,9.431331634521484
19.845936046913266,9.801165580749512
34.35593521781266,14.098332405090332
9.998749263584614,9.698039054870605
-4.023125855252147,4.2127251625061035
-5.009375922381878,1.046890139579773
6.178124446421862,2.7938053607940674
-4.551875974982977,6.178782939910889
-4.430000955238938,8.125521659851074
-4.848125949501991,3.3081138134002686
-4.9737509451806545,9.046688079833984
10.768748575821519,11.541241645812988
23.625935992226005,9.972295761108398
9.964998573064804,6.633047103881836
92.28843262605369,14.200932502746582
135.6487427763641,21.22890853881836
-4.298750925809145,1.8000437021255493
41.21999763138592,13.243555068969727
16.22437297552824,8.730830192565918
63.69874684326351,21.137727737426758
50.566248090937734,15.024099349975586
-4.902500985190272,3.4394328594207764
19.653747476637363,14.7758207321167
50.45624726265669,17.047391891479492
-5.313125977292657,1.9517985582351685
-5.225000759586692,1.9171332120895386
10.53687377460301,9.683980941772461
-4.403750877827406,2.8155527114868164
-4.553750991821289,3.4744327068328857
-0.3212510868906975,1.5849887132644653
5.124373741447926,7.817034721374512
19.644373195245862,12.491290092468262
30.61249878257513,13.103036880493164
21.138749598525465,11.964119911193848
15.187498897314072,10.182869911193848
46.487808760255575,8.323909759521484
5.633123844861984,5.6457061767578125
25.544999439269304,8.377771377563477
30.76187260262668,15.816744804382324
56.50999625399709,12.003384590148926
91.98062192648649,19.07282829284668
1.0956238135695457,8.147392272949219
38.49906217865646,9.304624557495117
14.946873115375638,10.320926666259766
-4.298750912770629,0.9952067136764526
-5.202500926330686,1.4468244314193726
10.09874814003706,9.412154197692871
-5.01500091701746,1.6127556562423706
9.43468582071364,7.154788017272949
11.021248256787658,10.138923645019531
24.340623408555984,6.437412738800049
-4.598750876262784,1.2026662826538086
-5.180000843480229,1.3140602111816406
-4.878125978633761,6.0480217933654785
79.45124905742705,21.262399673461914
-5.110625766217709,3.140374183654785
-4.722501015290618,2.972435235977173
9.999998413026333,9.457119941711426
52.68499800004065,8.492023468017578
51.75937235262245,17.099729537963867
51.09749819152057,14.559908866882324
-4.128125984221697,2.8621597290039062
29.59812370687723,14.213892936706543
25.708436488173902,3.199651002883911
20.8931230250746,12.669397354125977
129.15280699171126,9.043739318847656
59.456872202456,10.230485916137695
55.26531169563532,14.970864295959473
0.5599995739758015,8.04255485534668
-3.665000820532441,3.2306342124938965
-0.14500121772289276,3.3884785175323486
32.286246536299586,9.72860336303711
-5.517500976100564,2.9321742057800293
15.48687335383147,7.07828950881958
133.70468146167696,13.455037117004395
-0.6175015941262245,5.1290788650512695
39.38812354858965,13.395952224731445
42.166875049471855,13.134993553161621
51.65968612022698,10.428304672241211
19.797497428953648,10.383967399597168
34.63562352955341,12.880298614501953
26.62968551926315,11.36872386932373
84.70155875571072,14.579352378845215
-4.692500900477171,3.295680284500122
14.996873470023274,13.74270248413086
50.64468638598919,9.936600685119629
-4.765626000240445,5.268700122833252
-5.114375887438655,5.106339931488037
35.4553094021976,16.85572052001953
-5.757500881329179,4.548971652984619
72.60999593324959,14.305032730102539
-5.309375874698162,1.6454603672027588
40.98499764688313,24.30706787109375
-5.298125699162483,1.8609472513198853
89.85437011159956,18.920490264892578
65.01624661311507,16.472248077392578
70.22405854612589,12.542807579040527
15.879998927935958,9.918668746948242
-3.715625958517194,2.8998680114746094
46.67437157779932,8.340811729431152
6.009373703971505,7.364861965179443
26.836872963234782,11.248478889465332
93.25468258932233,21.69645881652832
64.70874824933708,18.67786407470703
64.8778095189482,25.1337890625
-4.917500901967287,2.218358039855957
50.10562186129391,15.619648933410645
4.393123978748918,5.79635763168335
139.04280796647072,24.169614791870117
5.159998491406441,6.4818596839904785
-0.5206263363361359,5.47331428527832
146.71312321908772,17.848318099975586
-4.197500996291637,2.067495107650757
25.157498601824045,9.255882263183594
-5.084375862032175,2.3481380939483643
4.007498724386096,5.905275821685791
113.10124842450023,13.076883316040039
-4.818125965073705,4.254141807556152
40.63968429528177,16.330198287963867
5.016873689368367,8.158303260803223
20.52437322959304,13.30446720123291
15.996249301359057,7.518448829650879
157.04811762459576,18.303300857543945
15.31999858468771,8.0432710647583
10.391873177140951,13.374799728393555
25.918748619034886,15.196343421936035
-4.311875898391008,2.1403489112854004
-4.257500870153308,2.0864710807800293
123.20687291771173,16.577220916748047
11.575623732991517,6.525454998016357
100.36812089197338,15.814654350280762
56.79655800014734,13.722227096557617
146.93530427478254,21.092493057250977
80.23812206462026,17.31232452392578
-4.373750852420926,5.138848304748535
-4.962500978261232,1.4856308698654175
-4.925000848248601,1.5779541730880737
10.055310880765319,7.916370868682861
-5.204375937581062,3.306124448776245
-4.818125981837511,4.071772575378418
-4.426250863820314,1.5140316486358643
15.603748138993979,4.858944892883301
0.4109360799193382,5.413257598876953
26.00312290713191,8.22309398651123
-5.476250933483243,1.2684211730957031
-4.51437583565712,1.4757239818572998
56.59812296554446,16.854846954345703
0.492499066516757,3.7299578189849854
95.28031030483544,11.896598815917969
15.477498264983296,4.639865398406982
40.50187178142369,14.84206771850586
-5.157501019537449,1.4401804208755493
54.97812321409583,17.23664093017578
-5.337500870227814,1.2231148481369019
5.506249142810702,3.257225751876831
39.549999959766865,15.028639793395996
25.359685577452183,9.090254783630371
11.034998692572117,9.689377784729004
90.63749733939767,13.107257843017578
-4.9062509797513485,1.2860826253890991
149.91686907038093,10.275803565979004
14.15562330558896,10.607438087463379
45.9299978595227,11.00777816772461
231.15937050059438,12.506348609924316
-4.231250934302807,2.8224472999572754
5.536873809993267,7.527413845062256
78.41062107309699,13.000226974487305
56.60062212869525,8.81191635131836
44.93030869029462,9.36821174621582
1.1193740740418434,4.632038116455078
-5.125625919550657,3.557804822921753
32.87624655291438,12.510887145996094
-4.707500837743282,1.6401474475860596
55.524061139672995,15.952466011047363
0.6781239919364452,4.752757549285889
104.2624964369461,13.461170196533203
50.42624903842807,19.76022720336914
39.41687246225774,10.361254692077637
46.34499707445502,11.117778778076172
11.184998385608196,7.30172061920166
-4.152500826865435,5.352767467498779
8.4903110191226,8.518627166748047
90.1962460167706,10.366196632385254
5.709061097353697,5.023429870605469
30.30937385931611,8.535889625549316
-5.8118760120123625,2.0124571323394775
42.36530992388725,14.617854118347168
56.09374729730189,10.539812088012695
30.769998317584395,13.517109870910645
82.80530772358179,10.136070251464844
0.842499203979969,7.347966194152832
24.285623539239168,3.717163562774658
154.95030726492405,13.535455703735352
1.5112484078854322,4.030583381652832
9.711249178275466,9.73060417175293
90.56124983727932,14.623631477355957
-5.262500870972872,2.043924570083618
85.37499566376209,10.356914520263672
37.004061026498675,7.879022121429443
63.722808396443725,11.532005310058594
-5.181876001879573,2.340886354446411
66.14437369816005,14.343827247619629
171.98811767436564,15.580904960632324
5.521873502060771,8.558235168457031
5.514998892322183,8.989982604980469
6.859998658299446,8.2648286819458
21.290310533717275,10.471012115478516
30.95312349870801,9.221680641174316
22.61218517459929,10.520548820495605
16.480625012889504,12.595073699951172
29.87937360443175,11.53903579711914
-3.8393757697194815,1.5680867433547974
31.690622612833977,15.023700714111328
10.243123016320169,5.866413593292236
79.61999776773155,27.691299438476562
31.365623120218515,12.71432113647461
95.86562172882259,14.863055229187012
36.39687274117023,8.428414344787598
-4.745000941678882,3.159726619720459
36.67562234029174,7.408467769622803
5.231248624622822,11.677874565124512
6.487498791888356,6.471211910247803
34.707498390227556,16.26136589050293
-0.05937592126429081,3.729403257369995
99.73030716180801,7.139837265014648
-4.902501070871949,1.8924955129623413
20.04749845340848,5.756733417510986
30.738124292343855,10.930093765258789
-0.12062610313296318,3.3841495513916016
-4.253750894218683,1.0209662914276123
44.1512490157038,10.859933853149414
72.91406061314046,15.519259452819824
6.3284364230930805,4.212023735046387
30.459372460842133,16.835817337036133
35.089371889829636,9.154549598693848
5.059374071657658,6.061057090759277
40.95874838903546,10.862120628356934
33.629686027765274,8.85747241973877
-4.287500858306885,5.040048122406006
-4.821875875815749,3.1166200637817383
-5.1725010350346565,1.364737868309021
51.87312208674848,13.900910377502441
0.42437365651130676,5.12837553024292
5.109373973682523,10.285531044006348
-4.99625102058053,3.9201571941375732
189.5393640231341,19.52110481262207
41.17312158457935,8.965725898742676
144.04061891138554,11.76526927947998
72.69343537464738,10.302624702453613
65.84968513436615,14.568982124328613
-5.350625868886709,2.4167070388793945
14.185310829430819,13.510387420654297
55.14749672822654,17.404626846313477
5.462186884135008,4.7648444175720215
30.523748164996505,8.372781753540039
-4.62312563881278,1.1810938119888306
51.658121993765235,18.902238845825195
56.30843584239483,15.235963821411133
-0.3200009623542428,4.2307538986206055
-5.307501068338752,3.6922607421875
-4.724375851452351,4.097728252410889
4.698748577386141,6.560393333435059
55.76312240213156,6.35021448135376
15.502498865127563,10.357637405395508
143.77249697968364,26.010515213012695
-6.258125910535455,1.459595799446106
-4.812500789761543,2.0083670616149902
5.384998019784689,7.750380516052246
64.64374841749668,17.64459800720215
34.219373259693384,11.621246337890625
49.51093530468643,15.894036293029785
72.69843347556889,21.825969696044922
5.569373603910208,6.896267414093018
74.47874543070793,16.648975372314453
55.81937559321523,20.25821304321289
39.69062354974449,13.385744094848633
19.891873221844435,19.271404266357422
139.49343528784811,20.8747615814209
-1.2737513463944197,9.819601058959961
-4.730001081712544,6.966891288757324
54.11624736152589,18.299537658691406
-6.648126102983952,3.4095845222473145
-5.4500010423362255,4.753528594970703
20.820310045033693,8.771383285522461
50.7943709269166,13.322227478027344
90.11749631166458,14.524298667907715
58.85562219005078,16.125410079956055
-4.178750844672322,2.1099853515625
86.2593710757792,9.942313194274902
54.050312235951424,14.1898832321167
-0.8406263515353203,5.184192180633545
-5.930000890046358,1.8108831644058228
33.254686173051596,18.95163917541504
4.9599984139204025,7.349344253540039
-4.416875824332237,2.440403461456299
77.13656127266586,15.762688636779785
117.56468144804239,12.631462097167969
15.159373831003904,10.620391845703125
-0.5712508354336023,4.088697910308838
-4.640000659972429,2.3325042724609375
-4.431876052170992,1.7300834655761719
22.67499764636159,6.420382976531982
21.05937333405018,11.750181198120117
56.985623486340046,12.93365478515625
0.21874923631548882,5.779786586761475
9.221247898414731,3.8021843433380127
26.50749810412526,13.525622367858887
139.59437380731106,19.25690460205078
24.887809723615646,15.743451118469238
14.832498282194138,12.98760986328125
-3.5900008380413055,3.120227813720703
49.618124306201935,19.759912490844727
75.31312096863985,14.524406433105469
-5.836251085624099,3.9037551879882812
59.92249646782875,20.58359146118164
25.379373617470264,17.10382080078125
54.32718771696091,11.448521614074707
55.41874808073044,22.231136322021484
85.07499699294567,27.082656860351562
-4.40750090405345,1.8186224699020386
-4.098125796765089,2.8506577014923096
31.187497057020664,24.478267669677734
-4.934376025572419,3.6653966903686523
20.693124243989587,11.62519645690918
-4.50125097297132,3.168398380279541
11.073123740032315,10.637713432312012
77.16499831527472,17.935327529907227
86.70499501004815,13.623798370361328
-4.925000911578536,2.749948263168335
72.39749955013394,11.68962574005127
6.216248346492648,6.522305965423584
4.424373874440789,7.557523250579834
-5.66000097990036,0.9258802533149719
18.766561279073358,15.04621696472168
0.03999897092580795,3.511892557144165
60.84124693274498,8.879118919372559
140.8593711182475,9.346348762512207
35.30624824296683,19.384815216064453
19.819998162798584,6.249365329742432
85.34249575063586,14.140005111694336
110.21406016685069,13.015454292297363
-5.011250784620643,2.1173365116119385
19.826248582452536,13.916915893554688
19.583748165518045,9.601789474487305
-5.294376136735082,1.505446195602417
9.520311545580626,6.277070045471191
53.078435607254505,10.662437438964844
10.15249852836132,5.046706199645996
24.484372853301466,16.559917449951172
76.59874664992094,12.674459457397461
59.987809570506215,13.771513938903809
0.6181239169090986,5.008724212646484
-4.565000884234905,2.398977279663086
10.47062433604151,8.383692741394043
41.11374781280756,16.067455291748047
-4.555625934153795,3.7191035747528076
-5.465000791475177,1.0083696842193604
79.80968594923615,16.25812530517578
81.15374672226608,13.022305488586426
1.0118737109005451,4.187941551208496
52.27749742753804,12.096942901611328
141.2328062839806,17.964921951293945
135.23999409005046,17.25762939453125
15.023749075829983,10.007683753967285
71.31468333862722,10.116668701171875
-4.6118757873773575,4.476683139801025
-5.138750994578004,1.1898560523986816
14.907498497515917,9.847151756286621
-5.77250100299716,3.0674920082092285
1.0571861416101456,5.021107196807861
-4.775000978261232,1.6894804239273071
20.350000374019146,14.172822952270508
5.204999107867479,2.0290277004241943
-4.868751095607877,2.0981087684631348
-5.6506258975714445,2.282289505004883
72.13937263190746,20.38254165649414
123.08936966024339,14.182217597961426
62.28218328021467,16.76532745361328
41.766247715801,15.99924373626709
71.18624542281032,15.512789726257324
119.93999575078487,15.748634338378906
240.76749815046787,18.364151000976562
-4.851875878870487,1.9960498809814453
106.02562111243606,17.499488830566406
128.40780589357018,12.072025299072266
107.61561942100525,14.388118743896484
-4.476875877007842,1.8007745742797852
15.809998080134392,18.491424560546875
-4.120625961571932,2.2422921657562256
69.99999792687595,19.141679763793945
-3.7812508679926395,2.672170877456665
123.6696819216013,20.28717041015625
60.58437447808683,20.665315628051758
-4.5012509394437075,1.4084137678146362
69.36062172614038,15.964204788208008
100.23937077447772,10.712152481079102
-4.111250831745565,1.4611015319824219
101.80999443866313,12.540660858154297
-4.848126010969281,1.439419150352478
5.085311522707343,12.010560989379883
-4.955001013353467,2.406912088394165
-5.013125814497471,5.163306713104248
-3.9106259495019913,2.429415225982666
49.033748196437955,23.485578536987305
-5.525000762194395,5.2427978515625
-4.280000846832991,1.80002760887146
-3.76062591932714,1.241487979888916
37.434373401105404,17.857316970825195
15.349998412653804,14.72852897644043
-5.1837508752942085,5.01365327835083
-5.1406259983778,2.2418289184570312
129.64062187075615,15.17720890045166
45.17499844357371,7.6196465492248535
187.6228034105152,14.89102840423584
64.62812063097954,10.255477905273438
15.796248814091086,9.377518653869629
69.51687288098037,17.655353546142578
63.611560517922044,14.870187759399414
-5.290625959634781,1.793750524520874
98.43249695748091,13.856173515319824
222.98624296486378,20.6942195892334
39.14187270775437,6.937598705291748
145.98749868758023,17.073938369750977
163.87749728001654,18.120765686035156
-4.340000689029694,4.156044006347656
-4.216250700876117,2.0951642990112305
70.99499872885644,16.134159088134766
101.23187089152634,17.518173217773438
-4.940001061186194,1.4470959901809692
56.995621191337705,14.413830757141113
-5.151876084506512,1.8299814462661743
-5.07500103674829,0.7101433873176575
25.38437352515757,14.932887077331543
1.044373620301485,3.2549402713775635
-5.103125903755426,1.5991761684417725
35.185622280463576,12.986159324645996
5.850623995065689,7.534920692443848
116.83749760501087,17.855178833007812
26.194998690858483,13.909542083740234
9.399373065680265,8.56373119354248
30.073122823610902,16.99305534362793
-4.156250793486834,2.822564125061035
94.11562119983137,14.234224319458008
90.52437014505267,19.724348068237305
-5.159376081079245,2.001086950302124
-5.168750893324614,2.5528180599212646
-5.251250874251127,2.9161174297332764
-5.386250972747803,1.009797215461731
4.8749990947544575,11.916088104248047
-5.082500919699669,1.8526859283447266
64.0362462066114,15.650635719299316
144.65249381959438,18.031394958496094
-4.595000835135579,1.7829248905181885
39.272497680038214,18.23796272277832
4.991561869159341,4.227504730224609
9.776873975992203,11.779638290405273
40.34718425013125,12.978721618652344
40.34937188588083,16.18486213684082
0.8656237758696079,5.325492858886719
126.33124628663063,14.663444519042969
-4.758125988766551,1.6067700386047363
-4.745000965893269,2.93239688873291
77.40530858561397,16.20646095275879
10.312498038634658,11.795870780944824
85.56749874725938,13.195651054382324
50.61406013183296,14.084168434143066
41.07468507811427,5.689200401306152
55.96249880455434,16.571353912353516
-0.23125084582716227,5.101168632507324
15.168122790753841,14.356759071350098
22.694373097270727,8.478095054626465
91.34186896122992,17.897518157958984
-4.225625768303871,1.2801684141159058
53.32374711334705,12.135856628417969
178.25936912931502,13.947060585021973
19.482498412951827,8.163629531860352
4.730624559335411,7.327407360076904
27.665310526266694,9.94267749786377
5.261248761788011,6.794519424438477
101.6218701582402,12.494463920593262
-4.182500943541527,2.1270861625671387
-3.9406258035451174,1.834663987159729
41.009374083951116,11.172816276550293
46.03406011685729,12.111573219299316
25.854061709716916,15.72079086303711
5.615623923018575,7.424068927764893
82.03343360871077,16.528024673461914
-5.322500854730606,3.6007561683654785
26.356560721993446,8.337728500366211
24.881247360259295,10.093953132629395
0.7681239154189825,7.508060932159424
0.8574990257620811,3.066394090652466
24.704999200999737,12.228739738464355
111.52187045663595,15.235136985778809
63.614061024039984,19.16399383544922
-5.170626053586602,2.2466540336608887
30.021560467779636,9.971498489379883
39.98124653659761,17.25002098083496
149.82655436359346,12.02718734741211
-4.994375756010413,2.407881259918213
5.29874955676496,9.439547538757324
-3.852500757202506,6.390654563903809
63.210308661684394,16.493328094482422
21.210624173283577,13.198420524597168
41.69624935090542,18.644752502441406
-5.3168759904801846,0.6181877851486206
0.004374304786324501,5.391120433807373
-5.491250892169774,2.5570168495178223
16.390935361385345,7.063297271728516
75.38999779522419,26.84865379333496
-4.842500946484506,2.4199917316436768
0.7881239149719477,4.538703918457031
45.201247941702604,19.768611907958984
251.8943694513291,18.63043975830078
98.9824946001172,15.231522560119629
9.117498522624373,16.294042587280273
-1.123750640079379,4.0825419425964355
-5.120001079514623,1.5364149808883667
25.469996843487024,8.828093528747559
26.077498203143477,5.200021743774414
107.75874731317163,18.754430770874023
66.35624610632658,19.216638565063477
-5.080626023933291,2.8315083980560303
41.516247630119324,10.074884414672852
54.301560286432505,6.403363227844238
104.51499535515904,15.091245651245117
52.106246242299676,11.096376419067383
41.701872719451785,16.12506675720215
-5.086250940337777,1.4162251949310303
-4.4375009406358,1.3224964141845703
-5.322500865906477,1.6212472915649414
15.798123689368367,5.507339954376221
50.66187212988734,7.859236717224121
49.49843391776085,13.212745666503906
70.21124740689993,14.969135284423828
17.613435462117195,8.839252471923828
6.595936473459005,7.154758453369141
47.5793705098331,6.652629375457764
99.9415565431118,15.08872127532959
65.41030847094953,11.971668243408203
52.344373965635896,16.195932388305664
29.9024987667799,12.686025619506836
7.318749209865928,11.202075004577637
51.725623570382595,20.439132690429688
54.96249654889107,23.73150062561035
44.7512469291687,17.326736450195312
0.1778116598725319,9.903820037841797
185.88686753436923,27.588794708251953
43.06437295302749,22.324729919433594
87.11749702692032,21.77873420715332
92.09218299761415,20.1938533782959
24.935935840010643,10.681323051452637
16.38562398031354,9.66574478149414
98.39812027104199,19.115747451782227
92.64687144011259,23.337430953979492
126.3856186196208,21.5349063873291
49.969058798626065,16.157426834106445
11.501249128952622,12.885371208190918
0.7887486405670643,8.020906448364258
25.970310980454087,10.240407943725586
120.71624674275517,18.775104522705078
36.304372204467654,16.38938331604004
151.0534337721765,10.729063034057617
56.51405963115394,10.651930809020996
26.38687408156693,9.684946060180664
40.613124530762434,21.044641494750977
156.04311590828001,13.429606437683105
111.53405693732202,13.756368637084961
92.81906063202769,14.636186599731445
63.77999739907682,15.292777061462402
10.150624055415392,12.091838836669922
81.41062198579311,16.170574188232422
198.11155370250344,21.960979461669922
-4.418750728480518,6.354553699493408
60.87812233157456,19.792383193969727
100.59968508780003,22.62334442138672
58.17562310770154,15.002204895019531
113.94874703418463,19.690078735351562
25.749997759237885,11.437338829040527
21.609373971819878,12.63589859008789
45.44187218695879,20.222219467163086
4.8074990920722485,7.880555629730225
0.9399989750236273,8.593299865722656
10.487186089158058,14.139498710632324
-4.608125880360603,3.5306150913238525
-5.553125927224755,4.778770923614502
50.264684330672026,23.949113845825195
85.18843144364655,24.145158767700195
16.729999240487814,15.233413696289062
0.9031243650242686,14.366216659545898
73.58187115378678,32.171451568603516
10.533123180270195,12.935562133789062
33.67750109732151,17.33736228942871
-4.6287508495152,3.042189598083496
35.30812310986221,16.19584846496582
-4.394375937059522,5.780034065246582
5.902499429881573,9.004964828491211
-4.996250891126692,3.3558759689331055
57.07655952963978,17.08318519592285
170.42249447107315,18.922760009765625
30.975934892892838,11.059212684631348
26.489372711628675,9.513715744018555
19.81531050428748,10.842087745666504
-4.981250874698162,3.246551513671875
-4.317500930279493,6.46684455871582
70.27937312796712,13.85706901550293
25.603122821077704,10.306404113769531
-5.026250924915075,4.930440425872803
67.47374650835991,11.502626419067383
187.13249276578426,17.31686019897461
48.3974976465106,11.829021453857422
60.87187164649367,15.955909729003906
172.7965537942946,14.012005805969238
30.12812438234687,7.695643424987793
92.39812045544386,17.73280143737793
89.1337448824197,13.255170822143555
45.47562108375132,12.116652488708496
69.21280873194337,22.168743133544922
15.194373652338982,9.581305503845215
10.854998836293817,3.7300002574920654
41.39218452014029,11.9788818359375
25.080310203135014,11.959403038024902
-5.4218759294599295,1.5080082416534424
-0.12812609039247036,4.272249221801758
0.1887490302324295,3.0142881870269775
79.96624706685543,17.799272537231445
25.27749845944345,8.87535285949707
-3.500000763684511,3.4285478591918945
65.64187383651733,18.63477325439453
88.41905837878585,10.103683471679688
-4.400000983849168,2.3295414447784424
13.935623778030276,5.351560115814209
30.565622905269265,11.605955123901367
195.78499062359333,14.796339988708496
25.15749778971076,12.005786895751953
69.560307206586,11.014132499694824
72.02937189862132,22.553255081176758
49.7578084692359,13.000972747802734
117.50655568577349,13.897623062133789
71.5359334461391,19.8067684173584
99.41593548096716,18.16013526916504
148.14749726839364,28.553264617919922
15.993748031556606,9.432806015014648
5.52999933809042,8.423843383789062
31.878747148439288,12.762993812561035
14.602498531341553,10.434130668640137
106.86624725535512,14.50419807434082
-4.870625985786319,4.032585620880127
68.9428084474057,18.688308715820312
0.942499402910471,8.867395401000977
4.5037487372756,1.4834964275360107
53.25312155298889,14.355384826660156
74.07124551385641,20.765104293823242
20.60312426649034,8.502716064453125
68.5731241106987,15.612604141235352
5.3918736930936575,5.918622970581055
31.574998140335083,10.582290649414062
26.71937422081828,11.349482536315918
0.8018739558756351,5.50929594039917
25.460623439401388,12.033524513244629
72.83374884910882,14.61635684967041
145.83187219500542,14.643065452575684
21.174998255446553,6.922525405883789
55.98249817825854,15.136985778808594
1.2681241184473038,4.983366966247559
6.527810702100396,6.442371845245361
20.031248591840267,7.513979911804199
-4.771251017227769,2.2066502571105957
80.76968496665359,9.434106826782227
80.05218337848783,17.129009246826172
-4.22750093229115,3.097999334335327
20.18999787978828,12.438616752624512
-4.566875997930765,4.800954341888428
-4.531250793486834,0.6829214096069336
30.446248542517424,8.28489875793457
-0.19375136401504278,5.396678447723389
-4.103750724345446,1.8222309350967407
14.053747870028019,13.243841171264648
150.47905696183443,12.904078483581543
65.31593590974808,7.589512348175049
40.5937484651804,14.026034355163574
40.41593689098954,9.151851654052734
43.831247767433524,10.714189529418945
5.911874024197459,4.87042236328125
65.56686978973448,10.988917350769043
77.00937166810036,17.310855865478516
-5.630001064389944,2.0955164432525635
78.13749635219574,14.237687110900879
180.21311902813613,25.650135040283203
-4.182500794529915,1.7511827945709229
-4.1506261099129915,4.058319091796875
80.361871547997,27.011661529541016
50.58874610159546,14.112861633300781
-4.368125796318054,7.648412704467773
1.081249337643385,9.080245971679688
-4.7412507720291615,2.9108200073242188
114.09499514847994,18.891576766967773
20.669998599216342,11.653288841247559
-4.488125978037715,2.264549493789673
81.36937283910811,13.1727933883667
107.29718352109194,19.295305252075195
35.338123090565205,16.8325138092041
4.904373461380601,6.372178077697754
84.6603070627898,13.19544792175293
5.031248562037945,6.20947265625
50.70843514055014,12.221758842468262
147.24375063925982,15.259417533874512
-5.2737510204315186,2.8385579586029053
21.883123625069857,14.35721492767334
148.68249417096376,21.437042236328125
24.694371920078993,7.939949035644531
28.531870959326625,13.399048805236816
73.60593488812447,17.213821411132812
78.76124905608594,17.695323944091797
5.6231243424117565,5.906405925750732
1.0243740603327751,6.122979164123535
-4.05125068873167,2.9783995151519775
51.38499768450856,20.103378295898438
128.23718091659248,32.53141403198242
163.21749970316887,25.845787048339844
98.67812064290047,21.01313018798828
140.168431090191,19.911287307739258
-5.300000909715891,1.2610770463943481
39.969997484236956,19.56361961364746
-4.473125286400318,2.4858107566833496
-4.493750834837556,5.551202774047852
196.83374414034188,16.84165382385254
60.66124798543751,11.468478202819824
42.339059399440885,15.110756874084473
119.77124544791877,22.608917236328125
-5.159375999122858,3.4159414768218994
178.2740575792268,20.132522583007812
147.0824934951961,18.88953399658203
129.42843174748123,20.770044326782227
141.2618728838861,23.843929290771484
141.84749780781567,18.484485626220703
21.208122933283448,12.461121559143066
66.4499970562756,13.347633361816406
35.58749728091061,9.99673080444336
165.354369238019,24.66831398010254
174.7490564659238,14.710891723632812
55.640620931982994,7.618352890014648
24.775000140070915,15.336943626403809
11.185624051839113,11.74462890625
15.725623894482851,12.663548469543457
-4.510625965893269,3.0554747581481934
35.896873872727156,20.247520446777344
46.13749788329005,12.531262397766113
-3.0950009915977716,3.0969927310943604
46.31156036630273,7.538252353668213
116.10749512724578,10.395150184631348
6.6874990072101355,8.921915054321289
66.05687378719449,19.070613861083984
50.96187384426594,9.972092628479004
115.98749341070652,19.93651008605957
20.403747925534844,12.547791481018066
45.92874791100621,12.69126033782959
24.89249879680574,10.903973579406738
57.07031085900962,11.578134536743164
118.5649947039783,15.689444541931152
70.58812116459012,18.59272575378418
29.867498815059662,11.048141479492188
20.134373772889376,6.630385875701904
103.88155901338905,16.443445205688477
81.09781182184815,15.038579940795898
106.95530905760825,11.956382751464844
65.47499788552523,20.786561965942383
55.326247453689575,16.512413024902344
-5.153750816360116,2.5671896934509277
72.0099963657558,17.046079635620117
26.533123902976513,13.38886833190918
6.5712488032877445,12.383508682250977
10.783748555928469,17.133041381835938
189.18249287456274,28.839595794677734
86.05968246050179,34.72564697265625
33.65124753676355,20.23099708557129
29.792812457308173,16.142831802368164
105.39061992615461,23.97187042236328
20.27999921515584,22.62993621826172
57.62531058490276,17.3106689453125
16.67499796487391,13.456159591674805
-4.22937585413456,5.02437686920166
29.80124779418111,14.86954402923584
22.121873883530498,16.40888786315918
90.07312195189297,20.490158081054688
39.63937248848379,12.805716514587402
-4.396250989288092,12.46245002746582
21.658747831359506,13.971633911132812
69.64812198281288,9.166740417480469
90.91499654948711,17.001569747924805
-3.8000008892267942,2.9514033794403076
-5.4650009125471115,5.933572769165039
23.898123694583774,16.44855499267578
-4.851875990629196,4.166467189788818
-5.196876000612974,1.0305360555648804
29.785623788833618,8.519021987915039
5.539998788386583,6.426851272583008
158.88593019731343,13.651867866516113
84.67624824866652,16.587417602539062
94.6843718085438,9.983380317687988
24.6881235409528,12.951766014099121
100.40874635055661,12.341135025024414
142.0862433258444,19.089078903198242
5.648123938590288,6.956430435180664
65.107809856534,10.785452842712402
68.44656083360314,12.426016807556152
64.17812258191407,13.896808624267578
68.25624723918736,15.431485176086426
88.76343081146479,12.714838981628418
94.27499672956765,23.835729598999023
104.68155969306827,23.424156188964844
78.62687176652253,14.129036903381348
84.02780829928815,20.44768714904785
11.273124537430704,9.152482032775879
57.95687182992697,28.432201385498047
35.91030989587307,15.499534606933594
85.47687138989568,22.232507705688477
-5.01125105842948,6.962754249572754
-4.664376109838486,10.736054420471191
80.38874923624098,35.006282806396484
126.46499571949244,34.137935638427734
116.29562227800488,24.32845687866211
-5.6862510945647955,2.677727699279785
98.32593186199665,26.956037521362305
83.32937339134514,15.218018531799316
126.8049928508699,21.55784797668457
-4.677500732243061,7.291129112243652
-4.323125928640366,4.700888156890869
5.608123496174812,8.9370756149292
6.485623994842172,6.463204383850098
37.58218421973288,19.93224334716797
86.12437202967703,16.122966766357422
107.43249798752367,23.321638107299805
20.804373245686293,8.921589851379395
-2.780000926926732,3.473407745361328
26.906872179359198,9.870851516723633
101.49749879911542,16.76957893371582
61.96437329426408,14.839821815490723
26.41062361188233,14.797490119934082
146.99780623055995,18.188554763793945
-5.607501037418842,2.2602431774139404
227.04217989277095,25.959035873413086
25.4687490593642,12.564878463745117
-4.403751019388437,4.031500816345215
115.1843726914376,31.225894927978516
129.2931187916547,15.57749080657959
105.12937120907009,22.31610679626465
82.14937101118267,23.093050003051758
5.9718738198280334,8.546453475952148
99.42968154326081,17.95369529724121
-3.8918758891522884,5.5982184410095215
225.28530848026276,26.752544403076172
-5.4537509847432375,5.311257839202881
41.181249449029565,20.988237380981445
5.5606233812868595,7.426285266876221
1.5274991299957037,4.400957107543945
134.36124498397112,15.387712478637695
115.15749983116984,16.222333908081055
51.01249720156193,15.233819007873535
59.45749885030091,12.720233917236328
135.8749963697046,15.362142562866211
30.978748481720686,13.396503448486328
79.71874482743442,14.201601028442383
82.61249588429928,23.246105194091797
89.85874509438872,24.217166900634766
-3.5187509544193745,3.199446439743042
160.83624497242272,18.269718170166016
138.71499389782548,22.826229095458984
66.16937465779483,19.790334701538086
122.53187000006437,26.001340866088867
105.88062038272619,25.773578643798828
139.1737449131906,30.705108642578125
21.175623886287212,21.806774139404297
62.53812183625996,28.774547576904297
59.55499670468271,26.08404541015625
119.07655910216272,41.64347839355469
-4.4243757436051965,2.6633830070495605
0.7124986536800861,12.883296966552734
-4.724376007914543,7.958018779754639
10.293748943135142,21.946672439575195
-4.467500885948539,5.771693706512451
66.5124982483685,17.701967239379883
7.467499025166035,14.108770370483398
22.24593567289412,12.507683753967285
140.90155562758446,19.871959686279297
55.54718567058444,23.783079147338867
21.42187326401472,13.445565223693848
123.63374662771821,19.08194351196289
185.90843489952385,12.408284187316895
87.93968336097896,13.4866361618042
86.1068707536906,15.92844295501709
56.21406093239784,13.55322551727295
10.082185817882419,10.447578430175781
81.51437085494399,19.433032989501953
110.7643725592643,15.645401000976562
21.758123552426696,9.962862968444824
-4.0831258445978165,3.9097139835357666
211.79311693273485,17.632158279418945
-4.021250892430544,3.7239670753479004
-4.906250853091478,3.9879844188690186
61.51749560050666,12.764447212219238
65.0787458755076,18.157638549804688
20.528749212622643,9.762162208557129
20.913747861981392,10.142965316772461
45.16437252424657,17.21566390991211
40.73718663491309,15.45262622833252
82.98655797168612,11.586954116821289
95.56749533303082,15.346148490905762
4.79406133107841,4.733482360839844
20.19687309116125,13.998045921325684
0.26312427036464214,5.218210220336914
5.964998805895448,8.51545238494873
141.5428060926497,17.865894317626953
22.173123694956303,11.943552017211914
0.9462492149323225,4.069875240325928
66.24312233738601,22.286882400512695
26.44562340155244,9.07627010345459
-4.713125938549638,2.3438727855682373
9.919373270124197,9.8444185256958
50.862811682745814,11.318397521972656
-4.281875863671303,1.773687481880188
52.987809335812926,10.745872497558594
50.96062384545803,10.721362113952637
91.9946839530021,8.796317100524902
94.49093542899936,21.277923583984375
30.569373186677694,8.134285926818848
21.668748618103564,7.269784927368164
130.22593704424798,21.37529754638672
56.7581230904907,22.868925094604492
4.897498415783048,5.041783332824707
-3.3556257858872414,1.8093997240066528
0.5787490736693144,2.837092876434326
-4.227500917389989,1.8155380487442017
102.25843495503068,10.511067390441895
95.83155700191855,18.22810935974121
0.35687391087412834,7.496516227722168
163.64749339409173,25.37889862060547
0.38874877244234085,5.6748223304748535
123.49655549228191,23.559783935546875
40.43031104654074,7.483644485473633
28.84437371790409,15.108919143676758
58.02156115882099,13.406721115112305
126.18124874588102,18.407733917236328
91.5596826095134,13.03512191772461
-4.38125086389482,1.9539533853530884
4.124998137354851,3.8936870098114014
95.24905821681023,21.590255737304688
27.848435681313276,11.483726501464844
49.289059706032276,11.23448371887207
138.92343587055802,23.431381225585938
83.02781245112419,15.919918060302734
139.36717932857573,20.102590560913086
48.82687335088849,10.960697174072266
0.04281158000230789,5.619358539581299
35.92499979585409,16.128963470458984
43.54624825529754,13.199843406677246
-5.195000451058149,1.7855479717254639
18.94812422245741,13.757654190063477
-4.741250552237034,7.320023059844971
59.37531408108771,22.72542953491211
10.837811630219221,9.368800163269043
-5.063750721514225,4.795226573944092
-5.465000689029694,3.5517404079437256
40.261250246316195,20.464136123657227
30.08624828234315,10.963292121887207
64.48874646052718,25.965293884277344
125.6437470279634,27.620811462402344
40.214372928254306,31.468469619750977
164.7303066533059,37.826011657714844
101.06343326717615,20.044797897338867
115.11874398216605,14.62348747253418
45.2478121034801,22.40437126159668
19.17624818533659,7.335880756378174
20.661874275654554,14.526840209960938
106.11437115445733,18.345474243164062
-4.853750855661929,2.351418972015381
4.813123920932412,6.438945293426514
60.972497086972,20.6104736328125
125.72468050383031,13.58237361907959
100.83374519273639,11.465760231018066
120.40593701973557,30.03352165222168
25.671248346567154,15.905752182006836
116.84437090810388,24.188255310058594
166.26686833053827,15.306146621704102
-4.7431259118020535,2.4564013481140137
29.115622306242585,15.337284088134766
17.33718640729785,10.018840789794922
70.87749833799899,18.84065055847168
30.304999239742756,16.170095443725586
71.02062138542533,11.259110450744629
-5.210000989958644,2.3913347721099854
40.476247258484364,15.883064270019531
134.9449989106506,29.208866119384766
63.04468314163387,10.702363967895508
196.13374400511384,22.064594268798828
-4.175000663846731,2.9092559814453125
-4.726250801235437,2.14738130569458
49.31624747440219,18.624828338623047
100.36405889317393,17.108327865600586
106.7899980051443,16.945465087890625
61.94593457505107,13.04831600189209
189.78999273478985,26.672164916992188
15.124373697675765,11.15558910369873
11.171873405575752,10.605049133300781
-4.178750887513161,3.143087863922119
-4.6006259229034185,2.036973237991333
180.58405614458025,22.93321990966797
134.15624472126365,15.15188217163086
80.62062115035951,14.988168716430664
44.93874746747315,17.35794448852539
42.40999650582671,21.540523529052734
80.35687020421028,28.08989715576172
25.473124753683805,8.052045822143555
41.50062293186784,11.90990161895752
11.160937054082751,5.605064392089844
69.80124534480274,19.676712036132812
76.02843214571476,18.968286514282227
106.50843361392617,12.658535957336426
53.998433923348784,18.25145721435547
137.06780634634197,24.323259353637695
6.517499031499028,8.095050811767578
201.87280288897455,24.415504455566406
20.987497925758362,13.510641098022461
214.41186904907227,26.85481834411621
101.16874985396862,21.03861427307129
63.93593409657478,23.54747772216797
225.97561805322766,38.20841979980469
145.1393729057163,20.27593421936035
-3.788750985637307,4.34308385848999
63.67499686777592,18.260831832885742
80.80749577470124,27.64984893798828
15.656248766928911,11.040311813354492
15.934373442083597,13.749757766723633
221.89655225351453,23.197256088256836
24.02406140603125,20.95732307434082
161.22561866231263,24.573265075683594
141.0665585435927,15.994295120239258
65.18249725922942,23.709224700927734
36.11187465488911,22.579097747802734
32.190936747938395,19.281917572021484
134.99937053583562,25.907564163208008
-4.730000846087933,3.0029897689819336
57.4359335899353,17.566495895385742
126.88749184831977,22.32839012145996
63.199059473350644,11.54407787322998
29.099061407148838,17.153322219848633
-4.96625105664134,1.6423382759094238
209.35593067482114,19.725116729736328
161.4137448798865,22.682138442993164
-4.529375968500972,5.359812259674072
82.00874534063041,24.700998306274414
56.37749771028757,14.167032241821289
11.96749921888113,14.24056625366211
-4.3793759271502495,3.0087358951568604
35.51499754562974,18.708967208862305
224.13405735045671,18.258583068847656
-4.598750876262784,4.746541976928711
70.58874747157097,21.26691436767578
25.23374798707664,8.887408256530762
24.726873757317662,10.598532676696777
50.051561060361564,20.315715789794922
-5.318750984966755,2.032393455505371
-4.319375799968839,2.4523186683654785
62.3106227517128,17.444194793701172
180.3362431973219,14.286043167114258
89.43374603614211,17.47762680053711
56.02999709919095,15.228711128234863
30.576871329918504,24.101774215698242
131.86530457809567,29.07129669189453
-5.2587510999292135,3.103090763092041
109.43374407850206,40.420570373535156
266.5581172257662,27.671100616455078
126.91999662294984,26.091590881347656
105.6690574195236,27.656938552856445
157.23249296471477,29.707988739013672
-5.3093759547919035,6.927952766418457
142.02999211661518,25.26791763305664
269.8262381590903,37.03630828857422
81.84937139973044,22.370590209960938
21.074997624382377,11.735526084899902
128.93468103557825,22.23717498779297
71.77374752052128,32.37388610839844
71.74530840665102,30.081789016723633
-3.77562596462667,2.378307819366455
144.41874309442937,25.237760543823242
80.96405888535082,26.759157180786133
70.79374889470637,30.55457878112793
162.2243733610958,32.637516021728516
-4.302500845864415,4.007505893707275
195.05030394159257,21.29796600341797
115.27593235485256,20.79964828491211
109.36593548581004,15.539579391479492
118.68124586902559,20.089855194091797
76.01562360674143,11.840853691101074
5.855936383828521,12.282097816467285
104.55905598029494,14.297940254211426
134.3556187171489,10.860296249389648
70.0796813853085,17.482234954833984
271.18436601385474,27.229894638061523
240.47186579927802,27.181703567504883
56.47749803960323,20.885051727294922
264.28999541699886,35.02525329589844
70.61374895088375,22.497472763061523
344.0037360806018,21.94786834716797
100.03124532848597,25.118614196777344
234.99748910591006,26.3400821685791
129.37499371170998,30.689857482910156
1.129999153316021,14.424715995788574
120.91624788194895,35.22590637207031
-5.491250839084387,7.378451824188232
131.25030773691833,28.458463668823242
272.0274946130812,26.108369827270508
125.54000085219741,42.98998260498047
151.25749308615923,39.075706481933594
204.29280482046306,35.39345169067383
132.32749392837286,53.091922760009766
162.89249069616199,32.999839782714844
85.10687538981438,44.314109802246094
76.15249602496624,36.86896514892578
225.85249483957887,43.038822174072266
66.25187363289297,36.69281768798828
302.2156171016395,50.911190032958984
-4.799375696107745,5.247358798980713
317.56124155409634,43.17228317260742
159.96593418717384,29.583358764648438
165.21842763014138,37.65243148803711
508.0756007656455,29.076251983642578
313.8118650279939,32.25424575805664
253.4299903959036,31.374515533447266
-3.856250861659646,6.059107303619385
133.59280714020133,24.970901489257812
0.6837492808699608,8.869473457336426
104.89312472008169,18.054479598999023
86.64187248982489,23.382036209106445
24.943122344091535,11.592299461364746
97.69437046535313,31.226133346557617
19.87593550607562,16.827852249145508
40.9643735550344,18.77015495300293
202.8803055882454,22.414146423339844
174.4590599294752,13.449422836303711
279.53249053284526,28.138792037963867
187.3378055114299,26.240299224853516
365.0593553483486,27.925844192504883
-5.088125916197896,9.545491218566895
135.83967940881848,26.918277740478516
340.41404739022255,36.336204528808594
125.59875305369496,31.903722763061523
-5.264375889673829,5.217880725860596
170.23061590641737,24.277952194213867
266.3199892267585,28.323646545410156
59.86874768510461,28.66876983642578
181.19249169528484,30.85508155822754
10.319998735561967,22.42795753479004
10.08874901290983,10.055074691772461
316.39561458677053,23.213176727294922
91.1987436208874,34.12699508666992
-6.040625965222716,6.714406490325928
183.11843294650316,23.214208602905273
20.855623608455062,19.670677185058594
145.0159314237535,25.792661666870117
222.2874919474125,24.367033004760742
5.71562428586185,10.9233980178833
109.95999641902745,31.314146041870117
141.9618714004755,24.831449508666992
101.18499925360084,25.82699203491211
55.66843449138105,19.017215728759766
306.4656157642603,34.95237731933594
-4.82375080883503,2.7636075019836426
296.7918632477522,26.88982582092285
120.71030649915338,23.719905853271484
253.94498864933848,22.026107788085938
177.3140537403524,16.557950973510742
134.58624371141195,25.16990852355957
176.29780486039817,27.010778427124023
170.76061433181167,31.976165771484375
149.76655557006598,24.915590286254883
-4.242500837892294,6.476933002471924
222.0693624764681,45.78016662597656
171.34655246138573,31.93690299987793
-4.971875332295895,1.370195984840393
236.23342700861394,57.13713073730469
184.7287464607507,34.002750396728516
-5.795000944286585,2.2999444007873535
291.7234240472317,49.89467239379883
0.9531242940574884,15.547013282775879
52.0728106116876,37.339542388916016
-4.572500877082348,4.86270809173584
266.8418615432456,73.07337188720703
136.78312066942453,31.18695640563965
-4.1018759328871965,3.78092885017395
68.67249767482281,23.20533561706543
76.5862487629056,27.32864761352539
105.38374500721693,28.257062911987305
85.44124506786466,22.082067489624023
158.78936805017292,21.632482528686523
187.2803073860705,18.731592178344727
264.217804454267,19.788339614868164
41.15687225572765,17.898427963256836
85.36374640464783,24.89594841003418
152.95124330744147,18.96737289428711
-5.577501006424427,4.913866996765137
86.60687197931111,28.28996467590332
88.19155564904213,41.98442840576172
226.33874198421836,38.978858947753906
-4.80875089764595,5.880825519561768
209.91842821985483,24.312631607055664
180.8256179653108,37.85322189331055
295.58436278253794,36.190834045410156
119.5774956047535,40.88347625732422
53.02468453347683,29.497156143188477
494.9318546205759,71.2313003540039
170.76499255374074,43.73228073120117
-4.763751037418842,6.579198360443115
125.86124538071454,62.2088508605957
101.30124844238162,60.11014175415039
70.58312256261706,28.39976692199707
110.73874647915363,32.66044998168945
60.66874631494284,35.79008865356445
171.57687127403915,35.20646286010742
197.32655364833772,42.09461212158203
-4.452500877901912,7.351806163787842
201.36968294903636,28.802227020263672
86.86093517579138,28.472585678100586
80.75124926120043,22.585765838623047
154.56374749541283,16.94048309326172
25.016873819753528,16.087520599365234
458.05185951665044,20.35224723815918
143.50749449059367,23.59159278869629
65.36937168054283,14.137992858886719
70.36187213100493,19.86487579345703
31.069059716537595,10.490090370178223
54.81250036507845,17.123268127441406
195.51874385401607,25.38715171813965
-5.330000374466181,10.841158866882324
-5.472500842064619,8.529215812683105
-4.701875548809767,10.340497970581055
-5.114375792443752,9.62186336517334
94.03030809387565,16.83725357055664
106.25000414438546,20.780014038085938
156.3324940185994,22.142051696777344
15.61249889805913,16.99620819091797
-5.62437579035759,4.594743251800537
163.0446842443198,28.13344955444336
-4.431875862181187,3.7748162746429443
106.23249902948737,20.075326919555664
107.82436829432845,14.308829307556152
64.7524981573224,20.654491424560547
121.27780702710152,14.22359848022461
144.05780722945929,27.15022087097168
153.67186762951314,29.026981353759766
105.95937328599393,23.813276290893555
102.20718627050519,31.399831771850586
254.86343175545335,20.747020721435547
-5.7687509171664715,3.6378912925720215
98.14905685931444,16.858959197998047
79.3703084141016,18.415205001831055
0.21499920636415482,10.58069133758545
156.45874552056193,35.33453369140625
41.67562300339341,17.069259643554688
117.17999574542046,26.918577194213867
-4.6550008319318295,4.448431968688965
35.83999882824719,10.100335121154785
73.06780766509473,21.430965423583984
31.666247780434787,11.59335994720459
68.48655935004354,17.91963005065918
229.7768686665222,22.347835540771484
-4.572500856593251,6.136605739593506
99.82530727796257,18.724655151367188
15.064373606815934,7.340897083282471
68.99624848552048,17.542112350463867
72.6931214183569,9.448371887207031
107.39687169156969,17.84036636352539
15.883124401792884,13.068873405456543
151.30968138575554,15.39049243927002
23.64062348008156,19.57137107849121
103.25124542787671,28.344919204711914
82.29343152977526,26.437522888183594
265.0468641258776,25.06999969482422
82.30718340165913,28.15024185180664
261.8737406861037,20.495342254638672
226.7875012792647,22.0882511138916
-4.120625875890255,5.966161727905273
130.30124379135668,39.66002655029297
24.97999708727002,18.468006134033203
214.5093603283167,21.584651947021484
-5.105001002550125,6.510558605194092
280.9731154963374,26.22018814086914
106.04437295906246,24.99201011657715
111.88187043368816,25.920024871826172
127.07093361392617,30.896705627441406
190.58999317325652,24.552257537841797
41.107497218996286,27.140886306762695
176.285623524338,32.42976379394531
94.63343330100179,22.59711265563965
271.7596772313118,26.44923973083496
219.38624572567642,29.858436584472656
154.17561929672956,23.807504653930664
187.6712433239445,23.824649810791016
231.25624322146177,25.422630310058594
94.15405804477632,22.843692779541016
354.8606146639213,35.244911193847656
30.321872336789966,18.449798583984375
71.13187193125486,24.80144691467285
349.42779565788805,31.834672927856445
56.55187499150634,25.627378463745117
307.9599889293313,28.353504180908203
262.26999339461327,26.004125595092773
193.25342839956284,25.036434173583984
136.62218242138624,23.95924949645996
10.886874113231897,14.379237174987793
360.89342089369893,29.896486282348633
438.9824867770076,26.552570343017578
133.34718105569482,25.351165771484375
21.03624853491783,15.908926010131836
276.3681132942438,30.592748641967773
283.4296742863953,28.95644187927246
120.77999645471573,20.353534698486328
129.6546816751361,30.36453628540039
181.46062003448606,24.270002365112305
65.62062436901033,23.59212875366211
240.03936701640487,19.263078689575195
209.04499446041882,23.631067276000977
131.49686966463923,25.558631896972656
161.3181242235005,18.352514266967773
119.32499691843987,41.369659423828125
166.38124318607152,22.79513931274414
75.9137459397316,22.871566772460938
121.31999785266817,37.319366455078125
190.35749236866832,15.12484073638916
135.22249723412097,17.17337417602539
2.4374990016222,19.161706924438477
106.71874632127583,40.48246383666992
116.87218482978642,30.644498825073242
211.71061386354268,32.514530181884766
266.46592832170427,39.02484130859375
-4.910000991076231,18.335676193237305
117.31187015399337,37.5391845703125
173.55374285951257,26.963441848754883
-4.531250862404704,14.555777549743652
111.10093011893332,40.06757736206055
176.35499533638358,43.82002639770508
111.73937216773629,29.84294891357422
11.129373585805297,17.23626708984375
14.92437400482595,23.977365493774414
11.431872932240367,16.425561904907227
177.10749233141541,31.01678466796875
216.08968146517873,22.7001895904541
21.732499174773693,14.394550323486328
189.83374132029712,25.972911834716797
158.24718312732875,30.44153594970703
231.32592974230647,23.819644927978516
0.991873842664063,5.008697509765625
61.61437404714525,25.58035659790039
320.90999022871256,20.611814498901367
221.06812147796154,27.590970993041992
179.45842907205224,14.94132137298584
133.9712447859347,17.492095947265625
154.09655665047467,23.147462844848633
225.54999423399568,22.066038131713867
94.58562158979475,18.345046997070312
101.38562083616853,17.203317642211914
21.15312267653644,11.847940444946289
195.8949930947274,17.07689666748047
54.069684498012066,24.292217254638672
114.46374730020761,29.543289184570312
301.54249049536884,26.09676742553711
253.45374171063304,20.507709503173828
31.809997767210007,28.783294677734375
-5.011250898241997,5.438628673553467
123.12812061421573,22.106416702270508
177.29186836257577,24.81998634338379
273.4981204532087,25.49757957458496
110.5109354313463,36.92227554321289
173.22467886656523,20.87594223022461
175.3399943113327,25.853683471679688
270.4937403462827,35.72376251220703
208.54624479077756,49.93680191040039
168.3393685426563,30.955156326293945
54.45280955173075,23.611181259155273
196.20405063778162,22.960237503051758
85.93249907717109,28.944869995117188
88.5321876052767,35.17969512939453
77.47374561801553,26.228599548339844
146.51937103644013,26.107378005981445
214.82249193266034,23.266834259033203
95.39374825917184,21.272523880004883
213.79217825084925,14.833789825439453
223.45968057215214,24.11992073059082
148.0809347294271,30.60077667236328
185.87624176964164,27.764732360839844
119.6253075581044,37.95881652832031
53.13812202401459,32.3103141784668
145.4062471035868,26.170047760009766
203.95999473705888,25.032978057861328
22.92374797537923,21.64742660522461
410.6506077479571,41.062110900878906
236.37905189581215,25.85350227355957
125.02561853080988,33.32239532470703
-4.167500901967287,15.381021499633789
125.17186959274113,41.2716064453125
177.38311714306474,19.714723587036133
148.5868682935834,46.03994369506836
254.51311540976167,35.259857177734375
65.63312180712819,18.814233779907227
90.36906165070832,28.973888397216797
140.85249860771,19.788232803344727
37.52531073987484,18.69338607788086
195.08374736085534,41.73467254638672
161.79155765101314,39.36653137207031
213.8056119363755,29.472862243652344
99.67811925988644,41.02969741821289
324.9062368609011,24.381404876708984
-4.630625823512673,11.081022262573242
1.3087490163743496,16.10042381286621
33.78937353566289,31.12128448486328
163.57749535888433,55.04634475708008
307.9812395274639,39.8961067199707
290.18655205890536,42.27104568481445
159.31624655798078,47.434539794921875
-4.692500902339816,11.74079704284668
159.71311988681555,19.61585235595703
157.86281210184097,29.36487579345703
203.32468236237764,34.582969665527344
251.53342888504267,27.77455711364746
385.86591958999634,46.65578079223633
-6.286251014098525,6.619822025299072
87.7137478068471,24.5248966217041
185.98561940714717,36.29749298095703
65.06593425013125,19.776344299316406
171.53093392401934,11.971781730651855
228.5896814521402,14.820011138916016
90.87687114812434,19.4962100982666
6.753124140202999,15.819426536560059
105.68718525208533,34.73344039916992
369.6262347474694,41.181427001953125
305.9168616514653,29.48567771911621
66.52562194690108,22.766273498535156
242.92311464250088,41.74040985107422
137.21124604716897,45.479984283447266
324.630616761744,23.899459838867188
276.4549931101501,31.421693801879883
-5.442500900477171,6.970411777496338
141.12655561603606,25.72036361694336
126.82124788686633,27.920316696166992
163.54187269881368,23.416582107543945
185.9199925530702,33.82394027709961
15.78124788403511,16.415531158447266
326.794364515692,30.930809020996094
185.15937042236328,30.829360961914062
348.24873522669077,32.07721710205078
241.86561407707632,27.06719207763672
5.168749108910561,8.651753425598145
106.26124423742294,20.984209060668945
60.75874983333051,33.39262771606445
206.66811608709395,15.884904861450195
203.84249585308135,23.13862419128418
89.95124816708267,17.259111404418945
31.253747157752514,17.438976287841797
-4.420625952072442,3.9096267223358154
264.27123902365565,36.45518112182617
146.0012474283576,38.595829010009766
0.30812434293329716,8.99919319152832
254.08749737031758,30.057830810546875
142.96030374988914,19.18356704711914
17.239997813478112,19.4425048828125
181.4862450249493,30.531204223632812
79.91812189854681,30.167367935180664
202.0649909824133,39.53556442260742
298.03749323263764,33.383140563964844
247.45530036836863,36.844337463378906
16.228747967630625,17.029687881469727
84.35905856080353,19.411806106567383
324.5278018601239,27.758583068847656
86.0465570166707,35.7033576965332
130.61718006804585,30.258792877197266
131.86874793469906,21.68034553527832
-3.623750861734152,3.0896661281585693
188.72530555631965,31.373056411743164
123.98718471080065,37.081695556640625
153.49874808639288,24.798681259155273
113.38593165762722,24.392812728881836
123.95093155093491,25.04800796508789
-5.060000857338309,7.827326774597168
280.1406162343919,26.227733612060547
6.378124000504613,9.536761283874512
210.2293678894639,20.652130126953125
186.01499570906162,19.98155975341797
228.12967936694622,30.41480827331543
170.7037483267486,27.947261810302734
316.74436178803444,19.03872299194336
225.38530394621193,18.327783584594727
185.78749552369118,17.796613693237305
285.1890525110066,30.462554931640625
-5.553126102313399,5.326793670654297
121.44624673575163,20.32204246520996
56.085623767226934,28.258790969848633
103.79374588280916,26.18988800048828
121.55468222033232,28.434913635253906
129.3778066150844,23.995962142944336
246.69248831272125,27.241933822631836
182.93061869591475,28.30763053894043
115.71562190540135,23.289350509643555
-3.6350008733570576,4.137863636016846
192.62374338135123,25.349634170532227
222.1628017257899,20.375165939331055
167.44187397509813,17.2614803314209
160.37499075382948,28.814693450927734
254.0734259430319,14.892579078674316
343.5412381310016,20.45402717590332
242.77998942136765,31.646604537963867
286.65123186819255,33.998653411865234
5.771873887628317,13.908356666564941
230.2031203918159,26.96162223815918
149.71156391128898,28.520498275756836
200.01280832663178,13.596691131591797
322.60874266922474,24.26445960998535
204.86999264359474,30.415443420410156
401.2634177431464,18.76677703857422
223.59593449532986,20.49822425842285
115.28061989322305,28.26066780090332
73.81937088817358,30.977785110473633
90.47937195934355,18.985719680786133
200.7862423695624,29.914752960205078
-4.685001013800502,23.603046417236328
114.03718044236302,32.143028259277344
66.2493721395731,25.604848861694336
155.04124789126217,37.557437896728516
-4.565000809729099,19.008638381958008
99.73062448762357,39.496551513671875
55.679996555671096,41.92615509033203
0.7124990858137608,19.159194946289062
6.453748884610832,11.666357040405273
-5.174375927075744,13.035944938659668
-3.843125831335783,25.314067840576172
1.551249135285616,10.687966346740723
-4.536875979974866,11.30398941040039
-5.187501108273864,9.55227279663086
228.5106178894639,39.47128677368164
115.90686896443367,26.683612823486328
317.90123160742223,25.40625762939453
246.99717386811972,40.518821716308594
182.53186949901283,32.18607711791992
194.7343713529408,25.904386520385742
165.8456192240119,34.1345100402832
112.98624462261796,19.27792739868164
205.05655531585217,21.502731323242188
121.07937178388238,21.632204055786133
-4.043750885874033,6.593455791473389
204.28373938798904,25.418298721313477
205.81030512973666,29.580034255981445
233.77530327998102,28.878305435180664
122.77374033816159,21.152080535888672
314.75373129732907,23.09526252746582
85.95468300022185,32.762454986572266
254.23186608962715,34.50662612915039
306.8831091225147,25.280900955200195
97.85968282818794,28.781076431274414
86.54374605044723,30.089603424072266
157.5224934965372,25.80158805847168
234.41592710092664,25.468679428100586
163.1265544053167,14.519407272338867
166.15749225392938,36.94062423706055
15.550624230876565,12.048608779907227
261.5412390716374,30.293987274169922
116.94561998546124,32.33921813964844
103.55624531023204,20.12030792236328
170.81967990659177,28.27344512939453
187.82999776490033,29.808128356933594
65.50906171090901,32.70133972167969
193.6356165483594,39.58970642089844
348.1487410925329,22.149272918701172
249.4899889882654,28.128870010375977
5.322811713442206,14.37298583984375
134.53624710068107,31.468120574951172
246.75905198976398,31.906089782714844
-4.370000824332237,13.872241020202637
-4.400000691413879,8.097834587097168
-4.255625907331705,13.142436981201172
279.98999344557524,40.05610656738281
268.37685744278133,39.6446418762207
195.6724924761802,24.385896682739258
95.11343195661902,28.58164405822754
484.1293568573892,28.76585578918457
184.38467884995043,27.304595947265625
102.43530640006065,18.89153289794922
179.59155948087573,40.42363739013672
122.3859343547374,13.297140121459961
171.89187054149806,31.584333419799805
294.5743627473712,27.063533782958984
131.13249566219747,33.811241149902344
268.418119834736,26.21842384338379
253.24061971530318,31.61504554748535
71.72187233529985,46.037322998046875
263.03436361066997,39.8257942199707
110.15999519266188,45.582054138183594
-3.781250860542059,9.500823020935059
68.67312065325677,42.67829132080078
295.81092667765915,35.779510498046875
93.12405922077596,22.046627044677734
337.80810423381627,40.64668273925781
81.59468261525035,18.383947372436523
212.4665540009737,31.0426082611084
47.620623238384724,12.860197067260742
35.20999916270375,37.87190246582031
299.3327987790108,22.901687622070312
112.78062010370195,41.247432708740234
354.17185782268643,27.46648597717285
366.00404788553715,46.39434051513672
177.14030635170639,29.569360733032227
390.4718653988093,39.15013885498047
151.15249870344996,52.38992691040039
162.44874500855803,32.58203887939453
-4.731875903904438,10.087387084960938
176.60905287601054,38.36286926269531
480.8199781626463,30.451541900634766
338.1690437607467,27.815343856811523
187.56780090369284,39.066349029541016
361.952169213444,37.88753128051758
212.96624318137765,35.50505065917969
91.50686799176037,26.050718307495117
151.5087487399578,18.247255325317383
471.9612318519503,31.798503875732422
-4.838750841096044,13.654257774353027
106.3565577659756,23.618144989013672
426.16373259574175,35.31696701049805
209.63374325819314,27.910167694091797
245.71061519812793,27.18667984008789
5.1562487576156855,9.39281177520752
135.8199976235628,44.20538330078125
145.2046819254756,29.7275447845459
194.37843070551753,27.750244140625
10.794374167919159,6.113177299499512
70.63187158666551,17.576805114746094
31.090622087940574,24.764423370361328
34.98530786111951,20.18699073791504
155.2168714273721,36.81049728393555
28.047497872263193,22.129701614379883
166.48437264095992,21.65229034423828
153.9562461990863,41.93778610229492
224.4484304394573,31.16437530517578
239.7077991142869,20.546794891357422
175.51092929393053,38.4657096862793
144.7931238003075,22.46860694885254
-4.700001018121839,9.812443733215332
214.01217534020543,28.074844360351562
36.7862470690161,17.82061767578125
-5.316876154392958,7.911924839019775
286.440612943843,23.0460205078125
95.35749405808747,17.237335205078125
352.1521753668785,40.851810455322266
278.621238745749,23.939071655273438
377.55311496183276,28.721965789794922
190.46593165583909,35.44078826904297
135.8999966159463,35.52722930908203
-4.2650008499622345,3.98280668258667
386.9446747303009,56.339317321777344
143.15811925940216,19.733394622802734
335.27624180167913,27.275325775146484
202.47655421495438,41.880496978759766
554.5724728479981,46.96230697631836
232.24686532653868,25.8674373626709
263.08686309307814,36.53349304199219
357.8649890162051,42.18677520751953
256.1287424303591,52.58658218383789
267.99124553985894,45.20256042480469
226.00936830043793,31.874168395996094
191.04373896494508,40.19411087036133
125.7899997830391,49.26769256591797
262.8390460219234,20.282461166381836
5.614374088123441,20.56407356262207
353.7328013665974,19.475444793701172
383.9396726973355,35.77252960205078
382.9993608854711,41.44485092163086
281.3974855579436,37.42928695678711
251.95936550572515,24.508358001708984
34.09999824501574,34.71669006347656
240.90498864278197,23.108835220336914
352.7181181013584,33.498268127441406
275.51248992607,38.71497344970703
248.08686779811978,31.141000747680664
252.66280476376414,32.89158630371094
329.7009250726551,60.716312408447266
81.85249607078731,30.60886573791504
75.22062184102833,27.311279296875
218.33186656795442,35.75653839111328
329.99311613850296,32.465152740478516
11.620622800663114,24.40554428100586
50.23624874651432,30.92478370666504
-3.6500008683651686,9.167996406555176
233.854363206774,24.377145767211914
45.91374799981713,24.20794105529785
-5.17062603123486,5.902055263519287
117.25499516166747,21.91248893737793
279.33467762731016,27.282691955566406
100.58874386921525,30.904985427856445
12.079998416826129,15.69304084777832
75.34781081974506,29.75273323059082
24.865623651072383,7.623115539550781
152.51562322862446,27.39710235595703
135.45937250740826,17.282873153686523
79.33374849520624,16.473838806152344
10.167185992002487,13.029341697692871
399.75685919448733,27.4633731842041
253.72155315056443,24.936721801757812
215.94998924434185,21.166122436523438
77.80187057703733,20.35713768005371
121.99312258325517,31.343303680419922
-3.7250008434057236,4.438100337982178
271.66749431937933,37.21624755859375
86.63874638080597,27.864337921142578
78.56468388438225,25.523258209228516
15.62749881669879,13.270885467529297
-4.281875925138593,2.90290904045105
16.11562321893871,10.754111289978027
117.49781194888055,18.26007652282715
113.11593182384968,31.954912185668945
331.41842283308506,56.93460464477539
271.73749143630266,47.537471771240234
-4.536875760182738,7.341705799102783
25.597497694194317,18.99201774597168
37.7240598089993,28.555368423461914
130.47686869092286,36.8358268737793
16.24624875187874,20.713764190673828
150.41030770912766,26.917633056640625
144.45624847710133,33.286434173583984
378.2931081634015,26.35798454284668
53.15187017433345,8.449896812438965
76.924994148314,22.710180282592773
56.45187196135521,30.32809066772461
-4.416875945404172,7.41404390335083
-5.457500984892249,3.2601442337036133
237.79436383396387,36.36003112792969
201.63374380208552,26.958559036254883
552.98435780406,22.566240310668945
167.33280533365905,36.237770080566406
26.546871630474925,18.21131134033203
186.51280502602458,32.845272064208984
105.91936919465661,21.746950149536133
119.65186968818307,15.248639106750488
195.84874418750405,39.274986267089844
382.540922280401,30.850276947021484
119.95687059685588,21.489397048950195
282.59905201382935,26.151744842529297
96.62562202475965,13.729019165039062
75.38468234986067,19.689191818237305
66.10906239412725,25.007848739624023
-4.4487510565668344,5.784369468688965
140.8349982276559,42.69912338256836
62.70780804567039,12.749991416931152
360.97560573369265,25.64724349975586
-5.048750899732113,4.875588893890381
382.4002944640815,26.52736473083496
197.72624271549284,23.021028518676758
83.85249702818692,28.75127410888672
0.5106237214058638,10.0960054397583
160.58249410241842,17.331680297851562
184.2978059630841,23.154172897338867
79.23780887201428,21.02579689025879
73.5903100259602,16.367773056030273
5.938748449087143,8.802706718444824
201.5421780012548,24.41710662841797
172.18124394118786,28.40550994873047
350.78436401858926,26.489501953125
86.90718250535429,21.56470489501953
217.69123954884708,38.54079818725586
296.3143612705171,22.500890731811523
47.37093488872051,10.942978858947754
-3.406250724568963,5.086535453796387
258.37092765793204,25.068134307861328
241.19624320417643,27.555368423461914
-4.718751026317477,2.5867209434509277
80.77999691292644,14.658720970153809
123.04061596095562,23.57407569885254
135.27749514952302,16.444913864135742
220.7612463813275,19.485065460205078
15.643748234957457,15.499168395996094
128.483432687819,11.81770133972168
107.5543710347265,19.52936363220215
0.7049987372010946,6.388026714324951
173.5421834513545,25.801952362060547
109.00812444835901,34.27931594848633
90.68811923079193,12.715741157531738
184.08468208368868,15.86242961883545
333.02560925483704,14.186488151550293
295.67936347052455,18.108976364135742
84.74468190968037,16.552040100097656
20.836248248815536,9.149532318115234
228.06874481774867,17.590957641601562
59.856558627448976,13.42252254486084
331.5656180642545,19.244338989257812
64.36937126889825,20.616655349731445
96.25999670475721,21.601795196533203
207.21811783872545,28.532764434814453
132.48624968901277,31.74650001525879
75.77624754607677,23.174108505249023
91.39062238484621,16.043657302856445
281.97279857099056,30.881715774536133
314.8965485319495,21.970613479614258
212.10686690174043,33.033573150634766
110.62593427859247,20.200830459594727
70.01812553405762,16.169105529785156
112.72718567401171,21.08173179626465
270.5393652096391,31.097675323486328
-4.979376096278429,10.092844009399414
136.3421826325357,28.88999366760254
35.36937329173088,40.60535430908203
238.063114868477,42.73556900024414
165.98499330878258,67.33743286132812
-4.400000840425491,20.026891708374023
36.45374913420528,40.823028564453125
-4.5312507301568985,9.08523941040039
204.44531079288572,29.485342025756836
114.81280608475208,50.57854461669922
168.88717970065773,22.091171264648438
140.78124816715717,26.477636337280273
515.1299885511398,70.49258422851562
141.07186944037676,30.083782196044922
140.1665588710457,46.59944152832031
494.8731125853956,47.901390075683594
236.80374106764793,44.89596176147461
290.7112390771508,25.155925750732422
99.66812077909708,25.960926055908203
122.21999164484441,22.09956932067871
108.04905956611037,30.392995834350586
181.84811853058636,21.934717178344727
-4.392500851303339,5.615589618682861
316.24436981603503,35.6395149230957
266.2999928742647,32.73551940917969
411.996864521876,29.955007553100586
517.8693562187254,34.915035247802734
150.620307572186,15.03766918182373
168.8074931446463,20.243572235107422
112.61437282152474,14.094141960144043
285.7756148390472,41.298912048339844
217.84718096069992,31.309490203857422
247.1840546578169,35.41577911376953
107.45436707511544,18.895719528198242
104.77937509026378,38.67208480834961
223.37342518940568,28.545949935913086
172.09468064270914,40.675453186035156
59.83812268078327,36.101497650146484
316.834358304739,46.19163513183594
230.36248924210668,37.57155227661133
160.11593099683523,44.93254470825195
1.4762487523257732,24.41365623474121
1.8812492080032825,15.725449562072754
130.50968386046588,26.27463722229004
96.45124545507133,43.34458541870117
-4.130000917240977,10.559378623962402
-4.167500959709287,9.815463066101074
231.19748723879457,74.42240142822266
71.82374718040228,35.17213821411133
15.959373073652387,22.04384994506836
109.69124499335885,27.660253524780273
56.02187418937683,23.27618408203125
48.73624752275646,25.319087982177734
-4.685000998899341,5.230973720550537
35.983123699203134,30.796733856201172
258.8896753396839,35.835269927978516
87.33530878089368,24.50114631652832
311.0724873226136,39.39845657348633
65.87999907322228,31.01486587524414
311.07999311573803,31.36650848388672
20.92249796167016,20.3420352935791
148.53093183599412,17.673555374145508
344.7627953477204,32.23857879638672
20.185623068362474,15.59022045135498
71.46249590814114,22.334672927856445
-4.65312597155571,5.407780647277832
112.91280976682901,14.063630104064941
125.99999693408608,36.609962463378906
297.6840479746461,28.560022354125977
210.8678071089089,30.736093521118164
121.82124730199575,16.202594757080078
-4.2218758929520845,10.868163108825684
35.57062294892967,19.235145568847656
148.87405580841005,38.50276184082031
212.18186504021287,36.46589660644531
210.2718663327396,32.718605041503906
59.26281057484448,27.753265380859375
107.05374578759074,14.8107271194458
136.97061808407307,24.29153823852539
347.59811256453395,40.37571716308594
237.8890529870987,30.893678665161133
191.35842526517808,17.71082878112793
90.12030648067594,30.69684410095215
181.59436488337815,29.011491775512695
305.0524834059179,43.286170959472656
178.19467923045158,37.49253463745117
-4.568750912323594,5.89202356338501
48.87812161445618,32.41447830200195
-4.426250986754894,13.074915885925293
-4.956875886768103,10.88235092163086
367.917171606794,57.493797302246094
51.43624836578965,25.846651077270508
21.335623938590288,24.172054290771484
232.49936371669173,32.44959259033203
-4.72812582924962,3.381678342819214
319.9959302172065,28.26373291015625
195.65873956680298,23.78156280517578
74.27405920438468,23.688968658447266
181.80530592240393,37.42911148071289
222.08405398391187,19.355031967163086
244.8212428446859,35.71522903442383
204.15311648882926,28.61165428161621
338.9468640871346,30.78699493408203
55.75749676860869,25.439741134643555
279.3056134805083,37.5706787109375
155.91062132641673,26.9600830078125
10.454999305307865,9.33074951171875
213.6124944500625,36.48701095581055
276.0474869078025,32.4226188659668
230.81686497479677,24.792573928833008
82.43562295287848,20.458459854125977
6.12374871596694,15.134797096252441
-4.632500873878598,1.9613550901412964
500.19873214513063,23.37447738647461
216.65842991881073,34.16508102416992
366.66248912736773,25.397977828979492
43.06249719671905,29.890544891357422
192.6921766716987,21.663421630859375
254.80936497822404,35.06053161621094
212.87468150630593,27.66765594482422
145.70030903071165,37.6606330871582
320.1915494669229,23.445844650268555
211.03374724276364,36.21194076538086
192.51624200306833,42.40816116333008
182.201245309785,31.34513282775879
-3.940625946968794,6.872024059295654
251.20062281936407,29.73178482055664
55.5924973692745,15.137002944946289
217.5999927520752,26.606098175048828
239.83124799188226,29.875627517700195
35.61843459494412,31.436525344848633
404.91716718673706,19.760812759399414
100.64000022783875,29.696430206298828
211.20687348768115,40.276973724365234
196.86749112978578,27.383869171142578
272.8974890448153,35.9907112121582
211.6637461706996,36.210941314697266
-4.962500903755426,22.88221549987793
226.62030369602144,38.155723571777344
383.96124102175236,35.3399543762207
103.69874526001513,41.71993637084961
210.65999529138207,56.1197509765625
366.1946695987135,55.88593292236328
349.6340480353683,42.04893493652344
208.25186505820602,38.49013900756836
282.4996745623648,30.22783660888672
126.75499473139644,21.89604377746582
196.91686082072556,28.94516944885254
144.66811749525368,27.215755462646484
132.2896794229746,19.627695083618164
181.30874408595264,36.369224548339844
308.44592332839966,19.456819534301758
142.04499411582947,33.30617141723633
294.0143660809845,21.785839080810547
189.6237427815795,28.486684799194336
201.8512418717146,21.106040954589844
128.76624238677323,29.90184783935547
91.7149957306683,28.383811950683594
113.12062252312899,47.45096969604492
632.0206087641418,30.2312068939209
266.1593635454774,31.856647491455078
30.826874066144228,23.37193489074707
48.82187232002616,23.245010375976562
99.69499314576387,29.436214447021484
182.1384295616299,18.63686752319336
-4.776876145973802,6.275007247924805
-4.621250854805112,5.78629207611084
144.9899950567633,16.313230514526367
189.58187178522348,27.370914459228516
141.08312016911805,27.116559982299805
204.96936980821192,21.64885902404785
204.80655515380204,38.357147216796875
289.67217694595456,20.22490692138672
255.3934247083962,39.21968460083008
349.83811406977475,28.26467514038086
-4.19750084541738,6.961869716644287
111.64124634303153,23.046701431274414
118.48530653491616,41.00779724121094
245.41311563923955,31.92691993713379
130.91905564069748,21.206859588623047
446.046230122447,40.420021057128906
404.31435975059867,25.424137115478516
431.53748178109527,34.05476760864258
10.694998731836677,16.311012268066406
199.81874303519726,33.262420654296875
138.40343014895916,32.96981430053711
401.7284196205437,24.99245262145996
190.07405657321215,43.07317352294922
314.4406102746725,24.480562210083008
123.16124580055475,25.21537971496582
36.399997279047966,24.452783584594727
227.16811589337885,28.947113037109375
156.1328076273203,26.0988826751709
36.91374898329377,18.776386260986328
160.79874892905354,19.76326560974121
400.78310730308294,27.028076171875
-4.135625816881657,12.531411170959473
137.2765560951084,16.463424682617188
216.3724884428084,22.679195404052734
246.61874172091484,17.669113159179688
264.5762406848371,30.36245346069336
245.69249066524208,29.90447425842285
198.88874289020896,28.674516677856445
27.35124936979264,11.147868156433105
179.81467942893505,36.30268859863281
146.17374394834042,36.42755126953125
89.29093513078988,18.482805252075195
226.02093083038926,37.284523010253906
443.26779917627573,55.712440490722656
122.15280938893557,28.141313552856445
221.7293714080006,33.22715377807617
479.74278762191534,32.851566314697266
60.79812419787049,24.23780632019043
450.0240529580042,67.57994079589844
161.68093489483,42.80188751220703
-3.5262508615851402,14.293831825256348
126.41812264546752,42.02637481689453
-4.2218759544193745,4.066856861114502
15.261248331516981,23.7349853515625
467.86686016991735,33.45685958862305
126.37155581824481,42.437164306640625
431.80466281063855,27.431884765625
45.28124864585698,22.02410888671875
401.2649841271341,49.095741271972656
215.95374336838722,26.81974983215332
80.55874587967992,18.073575973510742
190.71249675005674,18.585145950317383
241.98967736586928,21.046403884887695
278.3799975961447,24.48779296875
189.72811637818813,23.02418327331543
111.13499658927321,28.057832717895508
51.81312343105674,28.91769790649414
110.80499522574246,31.195209503173828
146.27436806354672,24.696334838867188
209.94123955443501,28.847196578979492
260.0621773004532,31.211671829223633
391.1821664534509,29.659971237182617
166.7159303780645,34.16754150390625
175.03499244339764,29.813461303710938
242.87749138474464,29.345443725585938
186.17562033981085,30.084199905395508
322.36561306566,29.63702392578125
254.36498836707324,31.62984275817871
321.5115512832999,70.8395767211914
365.7803014460951,59.2505989074707
415.2368575166911,70.46324920654297
122.33624734543264,50.43614959716797
79.99124837294221,30.81430435180664
442.4112360998988,66.80208587646484
104.12843366898596,38.510093688964844
310.2071734983474,68.2249526977539
224.06499392911792,57.212581634521484
40.11687300167978,46.3678092956543
343.92311119288206,57.822715759277344
398.4287356249988,33.30870819091797
443.38310644589365,41.78795623779297
138.13468050211668,50.73971176147461
275.0068654362112,31.732341766357422
180.97749182581902,28.441225051879883
353.42123809456825,31.75792121887207
237.82780519500375,39.87013244628906
129.77906094491482,34.40120315551758
66.78624840453267,15.480412483215332
4.193436624482274,10.536288261413574
218.90999185666442,24.600404739379883
381.9306121263653,35.78655242919922
4.939998649060726,17.178936004638672
142.93843117542565,15.512598037719727
436.6846770606935,26.928184509277344
287.0515466555953,20.896900177001953
111.01374453678727,28.75851821899414
5.864998469129205,7.343003273010254
281.93498999625444,36.60177230834961
226.7106160670519,30.000139236450195
268.6999854836613,27.041820526123047
379.20779364183545,20.398807525634766
335.5799872279167,30.857547760009766
164.98749275133014,20.299497604370117
89.79312044009566,31.667232513427734
91.44374678656459,23.2496280670166
170.47437538579106,37.4235954284668
341.3274842463434,33.04999542236328
264.0856130551547,26.998241424560547
60.244370084255934,30.180112838745117
314.3709202297032,29.129310607910156
55.31062328070402,30.8873291015625
313.6187405772507,36.577449798583984
260.93998761847615,49.691532135009766
218.3574927058071,55.810585021972656
140.57874680124223,37.963645935058594
95.40624620206654,33.60908508300781
150.06311848387122,48.86548614501953
390.8056065030396,39.200836181640625
373.71498922631145,31.65589714050293
200.4806181844324,55.55337142944336
16.744373968802392,16.023054122924805
94.52593402378261,28.78333854675293
169.90624369308352,19.724956512451172
-4.758125964552164,19.332664489746094
-4.2350009102374315,12.712014198303223
-4.3212508000433445,5.277418613433838
72.25562084652483,22.469327926635742
243.73499166965485,24.332534790039062
232.09061823878437,20.598873138427734
150.79655866324902,24.681997299194336
498.99966295063496,20.3104190826416
233.22405004501343,19.653432846069336
29.41624910198152,16.65231704711914
221.49186583422124,20.23011016845703
101.97499514371157,17.238985061645508
182.44374251365662,32.60136032104492
407.27936509624124,21.970497131347656
15.94812386855483,8.319449424743652
388.4156018868089,22.7624568939209
139.60374311730266,23.532623291015625
194.99999026581645,18.564661026000977
144.8418685682118,22.983116149902344
121.27749432623386,17.737884521484375
128.48874768055975,24.057992935180664
65.74218401871622,14.895445823669434
316.86873526498675,24.454654693603516
45.33500078879297,15.382207870483398
76.10374601185322,14.463568687438965
84.38968356139958,22.311431884765625
184.98061832413077,15.363375663757324
190.26436611264944,22.77198600769043
185.2518659643829,18.082094192504883
145.88874783739448,30.311567306518555
92.05937032587826,17.41813850402832
235.21749063581228,15.271920204162598
258.43091982230544,15.783512115478516
-3.1718758177012205,6.350888252258301
263.75499605201185,30.118560791015625
150.51655675843358,22.950481414794922
180.98749168217182,14.461974143981934
168.07937042601407,19.9946231842041
233.82249164953828,26.719276428222656
234.380929319188,24.214075088500977
317.9556101039052,19.88334846496582
244.3681198321283,26.837656021118164
58.3343748357147,31.591747283935547
439.9937325231731,26.930383682250977
-3.946250978857279,13.81989860534668
197.57498969696462,36.301456451416016
6.019998742267489,11.630677223205566
46.32499917037785,17.24032211303711
130.8146882019937,41.782127380371094
48.391559921205044,21.62066078186035
-5.223126003518701,11.093158721923828
56.22562315501273,46.37561798095703
331.0371723137796,28.142974853515625
-4.400000933557749,10.631135940551758
273.2837376073003,41.23402786254883
208.9756136238575,47.527610778808594
100.9281200915575,13.280752182006836
230.13124510459602,29.149988174438477
193.36218362301588,32.46931457519531
334.5171716026962,37.835777282714844
130.20499501749873,41.037574768066406
221.85593766719103,30.110031127929688
97.01124659925699,32.602264404296875
137.34999155811965,44.37743377685547
175.48062533512712,49.68638610839844
196.0743690393865,56.220420837402344
240.54154987633228,34.7589111328125
282.0487375687808,36.87235641479492
358.6199807077646,108.32493591308594
56.577184359543025,47.45783233642578
287.2243677098304,76.52801513671875
276.7515523917973,51.74749755859375
118.87187334150076,38.02676010131836
126.48874103464186,44.68276596069336
381.4837341532111,73.94304656982422
203.35812174342573,47.95188522338867
169.36843126267195,61.046730041503906
423.71091828867793,60.53022766113281
512.6765422075987,59.06465148925781
662.7849802076817,63.243492126464844
177.9899963196367,30.506990432739258
589.7002883926034,78.1585464477539
524.5587320141494,46.11581039428711
397.96498530730605,39.79095458984375
-3.8525008112192154,8.239683151245117
331.133419578895,15.519111633300781
335.9334253408015,34.70553207397461
240.99624087661505,27.979904174804688
191.27156125195324,21.636030197143555
393.98092497326434,31.182588577270508
222.4221755862236,32.853336334228516
182.68561639636755,34.245418548583984
177.88530667498708,37.71094512939453
340.8162406794727,33.61266326904297
82.05593413300812,22.524274826049805
213.13280161470175,33.6353874206543
-4.471250895410776,9.18101978302002
154.5187464505434,38.714359283447266
-3.6275007613003254,9.255751609802246
41.983748842030764,32.55387878417969
144.78624559380114,40.170963287353516
136.44687139056623,25.993139266967773
211.41811627149582,30.65972900390625
443.18123838305473,41.32974624633789
161.83124550431967,34.79961395263672
351.0449840016663,37.92824935913086
105.23186814039946,26.603775024414062
260.734050212428,28.453182220458984
263.0978009272367,33.88533020019531
41.66749860718846,29.629531860351562
181.35593285039067,34.01264953613281
555.6359067708254,33.68604278564453
226.30655415914953,37.557838439941406
285.78686634637415,40.67329025268555
232.4124903269112,34.6453742980957
200.65155467391014,27.48490333557129
211.89748995006084,31.81039810180664
230.2178030963987,34.08031463623047
282.06124202534556,44.516746520996094
222.81655456312,23.43269157409668
444.6912322519347,29.621204376220703
160.69092929922044,36.268863677978516
292.93061110563576,24.978803634643555
302.13842429593205,24.624935150146484
338.6171733606607,36.29629135131836
122.5906174108386,24.87006187438965
127.09999632649124,21.80316162109375
229.23499158583581,51.26799392700195
384.6799782551825,26.397987365722656
15.539373537525535,20.877763748168945
227.305306205526,29.4368896484375
59.968749018386006,25.93159294128418
187.4431166406721,40.87137222290039
267.4443623460829,30.211666107177734
451.80123514309525,27.42938232421875
403.17685720324516,36.48509979248047
280.8318641670048,18.30168914794922
207.65155480057,25.19035530090332
397.4990488216281,34.708927154541016
411.8249823898077,23.30765151977539
160.1574949901551,40.79528045654297
87.90749459713697,30.354846954345703
239.6509360577911,23.330629348754883
128.4343667551875,25.982458114624023
206.28311715647578,37.68724060058594
131.06624663621187,24.578262329101562
398.3634171411395,34.51084899902344
212.26123899966478,26.966012954711914
278.58811143040657,31.453807830810547
325.4984235595912,27.582284927368164
391.9543640948832,35.79325485229492
174.67374732717872,37.61946487426758
171.98155372589827,25.986576080322266
363.1081113219261,39.24876403808594
303.3081144541502,42.47278594970703
160.21937558054924,50.42521667480469
425.42873016372323,44.57914352416992
207.71999486163259,41.17998504638672
336.73811908997595,55.07558822631836
39.00374767836183,35.42074203491211
384.77029588632286,32.538639068603516
250.0678017400205,40.52323913574219
205.13936727121472,30.994882583618164
263.46623627096415,33.69334030151367
115.31124771945179,32.73567581176758
420.9271686784923,23.13768768310547
-4.270625920966268,12.800030708312988
136.61436922103167,30.159072875976562
197.85999212414026,33.79236602783203
126.24280533380806,17.8159236907959
202.2531156782061,44.81840896606445
237.41873416304588,36.39206314086914
183.87405318953097,33.68056106567383
250.05843091383576,26.407489776611328
250.96812652796507,27.726106643676758
211.23874029144645,47.458839416503906
334.5299867801368,40.588829040527344
112.40718330815434,24.73476219177246
371.9149940907955,36.158782958984375
209.94155271723866,24.98790740966797
347.34998824074864,42.13790512084961
76.93562503904104,33.165714263916016
75.28905966132879,42.228675842285156
362.9906092956662,40.42124557495117
55.47124858945608,25.812707901000977
105.03468312323093,47.386234283447266
232.0959300417453,41.399566650390625
101.38812431506813,42.66069030761719
76.52812201157212,31.825498580932617
501.78278939053416,41.813411712646484
119.75561998784542,44.04491424560547
110.75624689459801,39.18534469604492
369.3093589171767,34.05815505981445
-5.429376007989049,4.849332809448242
446.261545997113,46.22519302368164
219.2968669263646,30.829063415527344
200.95998871326447,26.49895477294922
-4.458125930279493,9.97790813446045
235.29030310362577,30.112224578857422
195.95374376140535,24.48997688293457
101.41999868303537,16.43616485595703
101.17874865233898,30.790077209472656
30.99749780446291,20.63631820678711
30.59499835036695,19.497432708740234
204.0068635698408,14.64242935180664
191.33873771876097,16.382543563842773
306.0196738578379,23.518898010253906
113.90718198381364,21.307252883911133
176.1043711155653,18.493087768554688
54.12687311694026,27.780990600585938
111.71624498255551,15.809852600097656
344.11529408954084,28.03394889831543
458.3512320294976,23.519847869873047
135.90749698504806,30.357202529907227
-4.868750739842653,4.062219142913818
84.623748306185,35.51394271850586
139.0043676905334,26.090320587158203
67.12343348469585,26.81294822692871
409.6946682538837,30.748958587646484
137.18499503098428,26.696250915527344
135.3024957422167,34.823123931884766
-5.238125948235393,6.662478446960449
-4.167500821873546,5.045589447021484
98.51937285624444,32.29057312011719
221.236242685467,36.79951477050781
-3.4925009943544865,10.857260704040527
252.15499557554722,29.387279510498047
420.27123304642737,28.045169830322266
26.453435879200697,22.09315299987793
21.53624938800931,18.966272354125977
298.17467380315065,24.181751251220703
264.19936921074986,22.992897033691406
344.63498977571726,35.20950698852539
297.1568640470505,27.46116828918457
375.786862693727,21.870012283325195
331.8878071606159,25.677370071411133
384.34779908694327,28.287567138671875
261.16124734841287,27.54082489013672
274.64531081169844,28.433853149414062
169.24749113619328,30.697782516479492
179.5665563661605,22.329198837280273
326.88249784708023,32.836143493652344
135.83249718137085,18.429445266723633
335.47748780064285,22.320087432861328
205.91250641644,32.827335357666016
229.01374444179237,25.841758728027344
126.07593205198646,35.12700653076172
137.2096815025434,40.210235595703125
200.4381288178265,26.07752227783203
288.29280317015946,29.815332412719727
276.0934217851609,38.898834228515625
112.2712461836636,42.93506622314453
155.50874122977257,31.30035972595215
352.32999586872756,34.062129974365234
434.61404906213284,45.52116775512695
124.13999311998487,34.30555725097656
200.98280799761415,33.263370513916016
-4.981251070275903,16.185293197631836
142.2687431909144,28.480514526367188
225.72374273091555,37.343814849853516
108.30905512906611,32.55734634399414
241.16248892247677,47.31757736206055
175.3518689572811,46.42406463623047
96.24437252432108,40.11074447631836
-3.816875834017992,6.239139080047607
337.1052993442863,38.76414108276367
386.46029544994235,53.564449310302734
527.809353582561,54.79276657104492
366.47341910377145,78.51945495605469
95.86437034420669,41.53551483154297
226.80061810463667,30.594371795654297
209.9346800148487,26.731534957885742
70.82593430951238,58.0884895324707
280.3181118965149,38.99539566040039
326.13248877227306,30.862178802490234
-4.8387510273605585,7.888612270355225
-4.130000671371818,7.566389083862305
47.15468491613865,9.234538078308105
20.28656122647226,10.107666015625
130.0124980956316,18.44358253479004
161.76061619259417,29.292980194091797
58.578747453168035,22.204904556274414
205.86905267834663,25.53253936767578
165.90624350868165,34.92713165283203
266.27123551256955,19.40592384338379
10.864998873323202,11.220779418945312
71.55062134750187,13.578466415405273
262.42342791333795,29.610692977905273
240.9290543552488,26.47454071044922
234.82499092444777,33.50693130493164
70.63374710455537,22.814495086669922
156.73780663125217,14.85878849029541
116.93624608404934,32.328392028808594
219.85937187448144,28.895248413085938
12.002498773857951,14.239399909973145
1.6281236540526152,10.580750465393066
321.05217720009387,37.76571273803711
289.71873196586967,22.337543487548828
0.6412490531802177,11.173920631408691
92.04749677702785,24.503902435302734
55.64374715741724,25.241628646850586
126.52499427460134,30.78097915649414
243.95999128557742,22.943368911743164
181.04561933130026,26.92331886291504
108.29312543570995,36.039207458496094
288.8562348373234,28.875648498535156
190.97874618321657,30.29438591003418
261.71404973603785,24.27419090270996
-3.974375830963254,16.306180953979492
345.5256139971316,41.70412826538086
-4.634375981986523,14.981781005859375
208.04374823253602,27.52132797241211
81.32687204517424,42.41191482543945
202.68749573081732,31.847389221191406
147.98249953612685,34.70309829711914
65.64468581788242,22.110065460205078
135.38624922558665,35.95332336425781
49.178123289719224,34.44712448120117
407.8974821418524,35.997901916503906
235.29780879244208,44.37396240234375
422.92279563471675,34.07099533081055
120.72374160401523,33.146358489990234
246.36498721316457,34.30197525024414
188.3071792460978,32.34942626953125
441.1481041777879,32.587074279785156
207.80843052268028,32.29815673828125
133.35437015723437,32.392127990722656
31.156248416751623,34.468502044677734
477.1124950889498,59.559757232666016
190.91530461236835,36.713844299316406
279.704677246511,43.19816970825195
345.7999902665615,57.92644500732422
66.03811979480088,34.456356048583984
224.93311675451696,34.808265686035156
-4.6475006733089685,15.967094421386719
-5.10687605291605,10.218085289001465
79.90562510676682,41.11373519897461
-3.9537509996443987,12.811151504516602
267.0349906850606,23.78396224975586
0.700624255463481,10.606313705444336
65.65999597683549,10.610821723937988
203.0296815801412,23.884090423583984
101.6749969534576,16.97589874267578
289.5556156113744,26.275712966918945
231.7221757620573,27.90098762512207
0.3124986905604601,8.366852760314941
440.4218574166298,24.6981258392334
281.08842432126403,26.061126708984375
46.354996759444475,24.355924606323242
211.4937464632094,31.183534622192383
393.013730250299,21.727210998535156
464.3031105697155,23.04640769958496
-4.793750960379839,4.7734832763671875
30.51874810643494,14.637360572814941
283.5159294363111,13.706315040588379
74.79780881479383,19.826814651489258
116.38624107278883,21.36386489868164
228.09562028199434,20.519947052001953
-4.5912506729364395,2.975661516189575
267.6643662713468,22.646635055541992
474.56248515099287,22.780141830444336
79.2871820833534,16.66571044921875
52.31655992008746,23.08711814880371
206.33999107778072,40.90469741821289
372.07155197300017,36.35128402709961
98.41280815936625,9.21878719329834
51.40937438607216,19.082765579223633
-4.263125943019986,7.94769811630249
152.9368723668158,36.13540267944336
202.82687668129802,24.614765167236328
153.13499213010073,39.791542053222656
161.97937070205808,25.855459213256836
154.62499456107616,27.610586166381836
351.88749243691564,26.975587844848633
26.305624574422836,19.675804138183594
340.8937345780432,31.110185623168945
51.05812211893499,21.7520751953125
11.420310070738196,10.391220092773438
464.10872907191515,39.515193939208984
327.1156109236181,45.62336349487305
235.81436394155025,38.36868667602539
80.35999787785113,37.541526794433594
84.75874443352222,24.751262664794922
16.46343515254557,22.576078414916992
170.2490558028221,20.032869338989258
281.78686274029315,23.097240447998047
-4.317500786855817,7.0214738845825195
125.5634351875633,39.25366973876953
261.631866870448,41.495540618896484
49.49812144227326,19.78367042541504
123.47218110971153,16.631567001342773
163.04687007702887,25.688718795776367
305.9406113419682,27.899837493896484
76.6959353722632,31.96126937866211
413.54248823970556,24.410728454589844
62.43749678507447,22.568941116333008
466.114978171885,27.505037307739258
43.55437374860048,20.210315704345703
75.45718432590365,38.908180236816406
237.26592670753598,26.001096725463867
227.63467721827328,24.762544631958008
37.034685365855694,11.828529357910156
182.71718238666654,34.544288635253906
235.59436450898647,34.04261779785156
350.3246735110879,37.9940185546875
54.75124732963741,20.195281982421875
60.071877270936966,20.535999298095703
119.70906126499176,17.07834243774414
161.30061902664602,32.762699127197266
85.86187294125557,26.137269973754883
20.307497205212712,18.20140266418457
294.38499199971557,25.555843353271484
55.57874613814056,16.474979400634766
284.6349868234247,34.162105560302734
52.21937295794487,39.890037536621094
279.58874256908894,36.27981948852539
141.0346848629415,38.36874008178711
170.21999679878354,30.66974449157715
-4.3925007954239845,16.654502868652344
5.799999218434095,20.99738121032715
81.32499780878425,44.275146484375
116.59812179207802,36.5069694519043
401.9559238925576,34.426387786865234
360.62061162665486,67.58539581298828
331.79405080899596,26.790681838989258
236.68311380967498,26.96097755432129
170.52374111115932,37.309627532958984
120.35093225166202,21.79331398010254
98.86687109433115,22.116981506347656
57.408746402710676,33.94237518310547
263.6546752359718,24.827064514160156
267.27998774312437,41.948795318603516
110.19280436821282,35.945682525634766
152.32343671284616,35.90824890136719
269.7353014983237,30.15096664428711
217.47780261188745,30.90152359008789
251.99561354145408,29.702800750732422
243.4856122583151,33.398468017578125
155.53436870127916,24.311002731323242
80.62812101095915,38.46877670288086
-4.431875742971897,9.168098449707031
5.943123321980238,14.214695930480957
152.83593105711043,38.18983459472656
21.340935703366995,8.713829040527344
362.8443637676537,26.758373260498047
212.47155441902578,19.46063995361328
104.55062205716968,34.772178649902344
221.70812045410275,21.555482864379883
294.0578023418784,25.951427459716797
-4.842500967904925,4.114648342132568
141.36312242224813,18.91421127319336
127.43092942237854,35.641231536865234
275.52249303273857,22.980241775512695
202.92687187343836,24.021671295166016
201.5462472885847,18.564069747924805
243.49843072146177,32.41738510131836
235.66686377860606,24.803340911865234
90.39749575592577,22.748502731323242
465.5971675738692,27.97345733642578
73.44780872762203,27.984468460083008
-4.778750691562891,7.784287929534912
337.11935912258923,21.472888946533203
-4.092500830069184,9.237494468688965
1.3624992221593857,12.777894020080566
146.32937316782773,33.419734954833984
431.9762360602617,20.846939086914062
210.4171760454774,23.250545501708984
162.56311830319464,35.08145523071289
268.71811797842383,33.72492599487305
254.3902999870479,18.723041534423828
237.89936510659754,32.698429107666016
307.6056116838008,32.585533142089844
214.0771777704358,49.90023422241211
257.3393632732332,15.830734252929688
-4.784375961869955,9.081672668457031
139.14280827715993,35.392330169677734
312.12499079853296,30.35849952697754
235.15562832914293,25.321027755737305
-4.610000923275948,6.037661552429199
387.12123664841056,38.345703125
152.54624606482685,34.29077911376953
270.65561561472714,39.56523895263672
5.69999878667295,20.39596176147461
26.081249171867967,21.91556167602539
150.99999652430415,22.408849716186523
-4.000625919550657,8.60855770111084
292.3837399352342,34.13540267944336
73.5493725668639,56.797183990478516
69.91093330457807,19.904489517211914
255.39280532300472,25.446035385131836
195.81061563640833,27.158750534057617
77.3437461592257,38.77842330932617
